participant_id	session_id	cnb_er40_valid_code	cnb_er40_cr	cnb_er40_rtcr	cnb_er40_rt	cnb_er40_fc	cnb_er40_mc	cnb_er40_fcrt	cnb_er40_mcrt	cnb_er40_ang	cnb_er40_fear	cnb_er40_hap	cnb_er40_noe	cnb_er40_sad	cnb_er40_fpa	cnb_er40_fpf	cnb_er40_fph	cnb_er40_fpn	cnb_er40_fps	cnb_er40_angrt	cnb_er40_fearrt	cnb_er40_haprt	cnb_er40_noert	cnb_er40_sadrt	cnb_er40_cnt_250	cnb_er40_lrsr
sub-19861	ses-1	V	37	1775	1804	19	18	1704	2019.5	8	8	8	5	8	0	0	2	0	1	1999.5	1740.5	1272	1664	1927.5	0	4
sub-19861	ses-2	V	38	1412	1416	19	19	1376	1503	8	8	8	6	8	0	0	1	0	1	1432	1652	1095.5	1907	1328	0	3
sub-20124	ses-1	n/a	n/a	n/a	n/a	n/a	n/a	n/a	n/a	n/a	n/a	n/a	n/a	n/a	n/a	n/a	n/a	n/a	n/a	n/a	n/a	n/a	n/a	n/a	n/a	n/a
sub-20125	ses-1	V	33	1808	1883	17	16	1832	1771.5	7	6	8	6	6	0	1	1	1	4	1288	1847.5	1895.5	2187.5	1459.5	0	4
sub-20139	ses-1	V	37	1879	1947	20	17	2047.5	1871	8	8	8	7	6	3	0	0	0	0	1919.5	2111	1815.5	2080	1775.5	0	3
sub-20139	ses-2	V	35	1732	1770.5	19	16	1732	1724	8	6	8	7	6	1	0	0	2	2	1938.5	1675.5	1712	1587	1877.5	0	2
sub-20139	ses-3	V	37	1701	1729.5	20	17	1693.5	1797	7	8	8	6	8	0	0	0	1	2	1820	1757	1491.5	1633.5	1697	0	3
sub-20141	ses-1	V	39	1944	1948	20	19	1952	1800	8	8	8	8	7	0	0	0	1	0	2005.5	1843.5	1812	1915.5	2183	0	2
sub-20149	ses-1	V	39	1767	1715.5	20	19	2019.5	1616	8	8	8	7	8	1	0	0	0	0	1715.5	2084	1507.5	2088	1711.5	0	3
sub-20149	ses-2	V	38	1897.5	1897.5	19	19	2000	1748	8	7	8	7	8	0	0	1	0	1	2308.5	2562	1340.5	1683	2053	0	3
sub-20149	ses-3	V	38	1560.5	1583.5	20	18	1604	1537	6	8	8	8	8	0	0	0	2	0	1773.5	1624.5	1454	1735	1591.5	0	4
sub-20188	ses-1	V	37	1824	1827.5	20	17	1815	1848	8	7	8	7	7	0	0	1	2	0	1987	1911	1810.5	1831	1679	0	3
sub-20188	ses-2	V	39	1632	1660	20	19	1584.5	1704	8	8	8	7	8	0	0	1	0	0	1654.5	1347.5	1435.5	1824	1971.5	0	3
sub-20188	ses-3	V	37	1627	1639.5	19	18	1660	1522	8	7	8	6	8	1	0	1	0	1	1809.5	1539	1441.5	1866	1675.5	0	2
sub-20212	ses-1	V	36	2031	2031	18	18	2039.5	2007.5	6	6	8	8	8	0	0	1	3	0	2036	1891.5	2079	2047.5	2155.5	0	3
sub-20214	ses-1	V	38	1744	1804	20	18	1644	1950	7	8	8	8	7	0	0	0	2	0	2119	1846.5	1731.5	1624.5	1768	0	2
sub-20214	ses-2	V	37	1698	1682	19	18	1515	1961.5	5	8	8	8	8	0	2	0	1	0	1806	1741.5	1449.5	1729.5	2036	0	4
sub-20214	ses-3	V	37	1698	1682	19	18	1515	1961.5	5	8	8	8	8	0	2	0	1	0	1806	1741.5	1449.5	1729.5	2036	0	4
sub-20236	ses-1	V	32	2791.5	3055.5	17	15	2432	3063	4	8	7	7	6	0	1	0	5	2	2072	2539	3503	2928	2839.5	0	4
sub-20238	ses-1	V	37	2032	2095	19	18	2032	2047	7	7	8	8	7	1	1	0	0	1	2359	1473	1919	2647	2103	0	4
sub-20238	ses-2	S	n/a	n/a	n/a	n/a	n/a	n/a	n/a	n/a	n/a	n/a	n/a	n/a	n/a	n/a	n/a	n/a	n/a	n/a	n/a	n/a	n/a	n/a	n/a	n/a
sub-20252	ses-1	V	30	1999.5	2148	16	14	1859.5	2475.5	4	6	8	7	5	0	2	2	4	2	2416	1920	1923.5	1887	3703	0	3
sub-20252	ses-2	V	35	1568	1728	19	16	1568	1695.5	7	7	8	7	6	1	0	2	2	0	1552	1609	1695.5	1952	1444	1	2
sub-20253	ses-1	V	35	2615	2511	18	17	2915.5	2328	6	6	8	8	7	0	0	0	4	1	1783.5	2919.5	2183.5	2947.5	3216	0	2
sub-20253	ses-2	V	39	1883	1884.5	19	20	1886	1765	7	8	8	8	8	0	0	0	1	0	1574	1669.5	1876.5	2766.5	2183.5	0	4
sub-20253	ses-3	V	39	1883	1884.5	19	20	1886	1765	7	8	8	8	8	0	0	0	1	0	1574	1669.5	1876.5	2766.5	2183.5	0	4
sub-20258	ses-1	V	40	1553	1553	20	20	1528	1687.5	8	8	8	8	8	0	0	0	0	0	1684	1423.5	1302.5	2050.5	1959.5	0	3
sub-20258	ses-2	V	34	1679	1727.5	19	15	1744	1599	7	6	8	5	8	1	1	2	2	0	1744	1007.5	1711.5	1919	1607.5	0	6
sub-20259	ses-1	V	34	2548	2699.5	17	17	2432	2640	6	7	8	8	5	0	1	0	5	0	2603.5	2703	2267.5	2548	3072	0	3
sub-20259	ses-2	V	36	2092	2116	19	17	2104	2080	6	7	8	8	7	0	1	0	1	2	2056	1832	1960	3011.5	2104	0	3
sub-20259	ses-3	V	36	1600.5	1712.5	18	18	1600.5	1636	7	8	8	8	5	0	1	0	3	0	1729	1640	1596.5	1816	1336	0	2
sub-20302	ses-1	V	35	1910	1927.5	16	19	2103	1847	6	7	8	7	7	1	2	0	0	2	1907	1911	1795.5	1910	2064	0	3
sub-20302	ses-2	V	35	1910	1927.5	16	19	2103	1847	6	7	8	7	7	1	2	0	0	2	1907	1911	1795.5	1910	2064	0	3
sub-20303	ses-1	V	34	1339.5	1382	17	17	1344	1336	6	7	8	7	6	0	1	1	3	1	1644.5	1287	1231	1344	1308.5	0	3
sub-20303	ses-2	V	36	1416	1423.5	18	18	1416	1395.5	8	7	8	6	7	0	0	2	2	0	1293	1719	1287	1428	1288	0	3
sub-20303	ses-3	V	37	1773	1797.5	19	18	1538	1942.5	8	7	8	7	7	0	0	2	0	1	1752.5	1918	1586.5	2056	1602	0	3
sub-20305	ses-1	V	37	2576	2628	19	18	2442	2628	5	8	8	8	8	0	1	0	1	1	2700	2715.5	2356	2155.5	2716	0	3
sub-20305	ses-2	V	37	2576	2628	19	18	2442	2628	5	8	8	8	8	0	1	0	1	1	2700	2715.5	2356	2155.5	2716	0	3
sub-20310	ses-1	V	37	3247	3251.5	19	18	3247	3132	7	7	8	7	8	1	0	0	0	2	3247	3256	2412	7448	3244	0	2
sub-20310	ses-2	V	35	2296	2304.5	18	17	2357	2236	7	7	8	5	8	0	1	2	0	2	2205	2925	1918.5	3398	2374	0	3
sub-20310	ses-3	V	34	1745.5	1879	18	16	2126	1607.5	7	5	8	7	7	2	1	0	2	1	1863	1336	1542.5	1782	2665	0	4
sub-20328	ses-1	V	34	1744	1816	19	15	1840	1679	6	7	8	5	8	0	1	1	1	3	1948	2662	1575	1656	1991	0	3
sub-20328	ses-2	V	36	1640	1776	18	18	1504	1931.5	7	7	8	6	8	1	1	1	0	1	1472	2080	1471.5	2604	1528.5	0	3
sub-20333	ses-1	n/a	n/a	n/a	n/a	n/a	n/a	n/a	n/a	n/a	n/a	n/a	n/a	n/a	n/a	n/a	n/a	n/a	n/a	n/a	n/a	n/a	n/a	n/a	n/a	n/a
sub-20335	ses-1	V	28	1795.5	1875.5	16	12	1867.5	1775	2	8	8	8	2	1	3	0	4	4	2463.5	1779.5	1835	1707	2031.5	0	2
sub-20336	ses-1	V	36	1851.5	1971.5	18	18	1783	2191	6	7	8	8	7	0	0	0	3	1	1860	2150	1672	2051.5	1760	0	3
sub-20347	ses-1	V	37	1840	1892	19	18	1720	1860	7	8	8	7	7	2	1	0	0	0	2311	1631.5	1731.5	2240	1840	0	2
sub-20350	ses-1	V	36	1901	1912	20	16	1912	1779	7	7	8	7	7	0	0	1	2	1	1831	1959	1491.5	2030	1919	0	3
sub-20352	ses-1	V	38	2759.5	2843	18	20	2700	2863.5	7	7	8	8	8	0	1	0	1	0	3608	2208	2543.5	3217.5	2948	0	2
sub-20352	ses-2	V	39	2656	2659	20	19	2696.5	2656	8	8	8	7	8	0	0	0	0	1	2477	2579	2659	3058	2560.5	0	3
sub-20399	ses-1	F	15	2112	2431	9	6	1536	2203	3	2	4	5	1	5	5	2	9	4	1575	2140	2854.5	1192	2112	0	3
sub-20399	ses-2	V	35	2071	2200.5	18	17	2392	1469	7	6	7	7	8	0	1	0	2	2	2637	2371.5	2693	2449	1401.5	0	3
sub-20402	ses-1	V	31	2096	2167	17	14	2096	2163	3	7	8	7	6	1	3	0	3	2	1647	2096	1859.5	2000	3971.5	0	4
sub-20403	ses-1	V	31	2008	2103	18	13	2059.5	1672	5	7	8	5	6	1	1	5	1	1	2048	2168	1423.5	2135	2376	0	3
sub-20410	ses-1	V	34	2375.5	2583.5	16	18	2755.5	2275.5	6	7	8	8	5	0	0	0	6	0	2386.5	2280	2367	2703.5	2185	0	3
sub-20427	ses-1	V	39	2319	2330.5	20	19	2262.5	2319	7	8	8	8	8	0	0	0	1	0	2062	1738.5	2478.5	2745.5	2778	0	2
sub-20427	ses-2	V	38	1891.5	1891.5	19	19	1720	1961	8	8	8	7	7	0	1	0	0	1	1999.5	1824.5	1694.5	2079	1720	0	3
sub-20448	ses-1	V	28	2519.5	2519.5	15	13	2615	2511	8	7	7	3	3	2	2	1	3	4	1735.5	2576	2384	3127	4167	0	3
sub-20463	ses-1	V	34	2100	2403.5	18	16	2235.5	2016	7	7	8	5	7	3	1	0	0	2	2016	1904	1892	3015	2576	0	3
sub-20463	ses-2	V	34	1932.5	2022.5	18	16	1811	2192.5	8	6	8	6	6	3	0	0	2	1	1726.5	2181	1666.5	2669	2232.5	0	2
sub-20494	ses-1	V	31	2063	2104	15	16	1959	2095.5	5	7	7	8	4	0	1	1	7	0	2063	1760	2495	2216	1920.5	0	4
sub-20494	ses-2	n/a	n/a	n/a	n/a	n/a	n/a	n/a	n/a	n/a	n/a	n/a	n/a	n/a	n/a	n/a	n/a	n/a	n/a	n/a	n/a	n/a	n/a	n/a	n/a	n/a
sub-20494	ses-3	V	34	1699.5	1647	18	16	1570.5	1821	6	6	8	7	7	0	1	1	2	2	1751.5	1570.5	1821	1959	1530	0	3
sub-20533	ses-1	V	33	2656	3280	17	16	2567	3503	5	5	8	8	7	0	1	0	6	0	2424	3439	3184	2992	2503	0	3
sub-20533	ses-2	V	36	2020	2084	19	17	1839	2078	7	6	8	8	7	1	0	0	2	1	2078	3670.5	1976.5	2175	1761	0	3
sub-20572	ses-1	V	31	1840	1907.5	17	14	1856	1663.5	8	7	8	2	6	1	0	2	1	5	1539.5	2000	1687.5	3852	1315	0	6
sub-20572	ses-2	V	38	2007.5	2071.5	19	19	1855	2063	8	8	8	7	7	0	0	0	1	1	1743	2084	2776.5	1744	1855	0	3
sub-20612	ses-1	V	34	1788	1992	17	17	1960	1761	8	6	8	8	4	0	2	0	4	0	2295.5	2027.5	1419.5	1679.5	1787.5	0	2
sub-20626	ses-1	V	36	2291	2487.5	19	17	2528	2112	8	7	7	6	8	2	0	0	0	2	2179.5	2678	2016	3711.5	2604	0	4
sub-20626	ses-2	V	36	2291	2487.5	19	17	2528	2112	8	7	7	6	8	2	0	0	0	2	2179.5	2678	2016	3711.5	2604	0	4
sub-20691	ses-1	V	30	2123.5	2204	16	14	2292.5	1968	7	5	8	5	5	1	2	1	5	1	1663	2289	2412.5	2192	1968	0	3
sub-20691	ses-2	V	29	1744	1744.5	16	13	1747.5	1744	7	6	7	4	5	3	3	1	1	3	1936	2079.5	1623	2004	1440	1	3
sub-20712	ses-1	V	37	1744	1783.5	18	19	1955.5	1727	7	8	8	6	8	0	1	1	0	1	2063	1467.5	1456	2164	1912	0	3
sub-20712	ses-2	V	38	1939.5	1984	20	18	1810	2271	7	8	8	8	7	1	1	0	0	0	2900	1644	1424	2504.5	2077	0	2
sub-20712	ses-3	V	39	1739	1752	19	20	1765	1672.5	8	8	8	8	7	0	1	0	0	0	1971	1522	1643.5	2032.5	1701	0	3
sub-20721	ses-1	V	38	2335.5	2387	19	19	2528	2256	8	8	8	7	7	1	0	0	1	0	2008	3124	2032	3232	2270	0	2
sub-20721	ses-2	V	38	2056	2067.5	19	19	2079	2056	7	7	8	8	8	0	1	0	0	1	2056	2112	1640	2139.5	1919.5	0	3
sub-20721	ses-3	V	38	2056	2067.5	19	19	2079	2056	7	7	8	8	8	0	1	0	0	1	2056	2112	1640	2139.5	1919.5	0	3
sub-20724	ses-1	V	34	1868	1915.5	18	16	1864	1904	7	6	8	6	7	1	1	1	2	1	1568	2619.5	1636	1867.5	2025	0	3
sub-20794	ses-1	V	36	2055.5	2055.5	19	17	2279	1896	7	7	8	8	6	0	1	0	3	0	4046	2279	1808	1727.5	2572	0	4
sub-20812	ses-1	V	23	2232	2232.5	11	12	2088	2260	2	3	8	6	4	4	5	2	2	4	2281	3607	1863.5	2160	2112	0	3
sub-20812	ses-3	V	38	1799.5	1876.5	19	19	1739	1893	6	8	8	8	8	0	1	0	1	0	1390.5	1961.5	1642.5	1612.5	3163	0	4
sub-20818	ses-1	n/a	n/a	n/a	n/a	n/a	n/a	n/a	n/a	n/a	n/a	n/a	n/a	n/a	n/a	n/a	n/a	n/a	n/a	n/a	n/a	n/a	n/a	n/a	n/a	n/a
sub-20818	ses-2	n/a	n/a	n/a	n/a	n/a	n/a	n/a	n/a	n/a	n/a	n/a	n/a	n/a	n/a	n/a	n/a	n/a	n/a	n/a	n/a	n/a	n/a	n/a	n/a	n/a
sub-20823	ses-1	V	38	1911	1911	19	19	1911	2016	8	7	8	8	7	1	0	0	0	1	2532	1656	1835.5	2039.5	1849	0	3
sub-20823	ses-2	V	37	1675	1769	19	18	1781	1582.5	6	8	8	7	8	1	0	0	2	0	1721	1692	1679.5	1668	1797	0	4
sub-20836	ses-1	V	35	1752	1760	17	18	1704	1796	7	8	8	6	6	1	3	1	0	0	1752	2059.5	1736	1640	1711	0	2
sub-20836	ses-2	V	38	1756.5	1756.5	19	19	1784	1711	7	7	8	8	8	0	1	0	1	0	2278	1601	1820	1820.5	1392.5	0	3
sub-20842	ses-1	V	29	2055	2376	14	15	1844	2072	6	4	7	4	8	0	0	3	2	6	2271.5	4303.5	2055	2712	1780	0	4
sub-20846	ses-1	V	39	1719	1727	20	19	1728	1719	7	8	8	8	8	0	0	0	1	0	1719	1575.5	1704	2308	1459	0	2
sub-20849	ses-1	V	36	2351	2351	18	18	2547.5	2279	5	7	8	8	8	0	0	1	3	0	2159	3167	2667	2027	2759.5	0	3
sub-20855	ses-1	V	32	2687.5	2687.5	17	15	2688	2687	5	7	8	7	5	0	2	3	3	0	4136	2535	2132	3263	2688	0	3
sub-20860	ses-1	V	35	1784	1883	18	17	1855.5	1721	4	8	8	7	8	0	1	1	2	1	1976	2144	1599.5	1599	2027.5	0	3
sub-20865	ses-1	V	36	2207.5	2207.5	18	18	2279.5	2083.5	6	8	8	7	7	1	1	2	0	0	2479	1931.5	1599.5	2360	1719	0	2
sub-20865	ses-2	V	34	1880.5	2007.5	17	17	1976	1849	6	8	8	6	6	1	1	1	2	1	1971	2071	1765.5	2007.5	1740	0	3
sub-20866	ses-1	V	39	1744	1768	20	19	1748	1744	7	8	8	8	8	0	0	0	1	0	2103	1700	1532.5	2156	2140	0	3
sub-20866	ses-2	V	39	1449	1452	19	20	1446	1469.5	7	8	8	8	8	0	0	1	0	0	1255	1432.5	1271	1636	1695	0	3
sub-20902	ses-1	V	30	2395	2499	15	15	2224	2527	8	5	8	8	1	0	3	1	6	0	1952	2224	2579	2527.5	6496	0	5
sub-20902	ses-2	V	34	2326.5	2338.5	16	18	2332	2302.5	8	5	8	8	5	1	1	0	3	1	2286	2351	2115.5	3155	2320	0	4
sub-20902	ses-3	V	34	2326.5	2338.5	16	18	2332	2302.5	8	5	8	8	5	1	1	0	3	1	2286	2351	2115.5	3155	2320	0	4
sub-20916	ses-1	V	26	1695.5	1623.5	14	12	1724	1662.5	4	7	8	6	1	3	6	3	0	2	1631.5	2008	1450	1772	6073	0	5
sub-20916	ses-2	V	36	1567.5	1615.5	18	18	1456	1739.5	7	6	8	7	8	0	1	0	1	2	1416	1536.5	1416	2704	1567.5	0	3
sub-20916	ses-3	V	33	1572	1584	16	17	1544	1587	6	7	6	7	7	1	0	1	3	2	1539.5	1462	1605	1587	1666	0	2
sub-20918	ses-1	V	37	2280	2288	17	20	2296	2240	7	8	8	8	6	0	1	0	2	0	2616	2276	2004	2392	2587.5	0	3
sub-20919	ses-1	V	31	2360	2436	17	14	2368	2191.5	5	8	8	6	4	0	2	4	1	2	2560	2179.5	1879	3483	3392	0	2
sub-20923	ses-1	V	32	2139.5	2226.5	17	15	1903	2270	4	7	8	7	6	0	1	1	3	3	1416	2270	2139.5	2519	1819.5	0	4
sub-20923	ses-2	V	36	1860.5	1955.5	18	18	1860.5	1822.5	6	8	8	6	8	0	1	0	1	2	1741	2001.5	1673	1955.5	1675	0	2
sub-20934	ses-1	V	34	6368	6244.5	18	16	5672	6420.5	7	7	8	5	7	1	1	0	0	4	6801	6145	5972.5	6344	4920	0	3
sub-20936	ses-1	V	35	2943	2979	17	18	2561	3079	7	8	8	5	7	1	1	1	0	2	3143	3459.5	2535	4736	2335	0	3
sub-20936	ses-2	V	36	2292	2315.5	18	18	2219	2434.5	8	5	8	7	8	2	0	1	1	0	2106	1874	2084	2289	2689	0	3
sub-20936	ses-3	V	37	2466	2492.5	19	18	2257	2848	6	8	8	7	8	0	1	1	1	0	2050.5	2399	2036	2832	4093.5	0	2
sub-20953	ses-1	V	27	2448	2795.5	14	13	2607.5	2264	7	3	8	3	6	1	1	1	2	8	2696	3662	2040	4247	2288	0	5
sub-20953	ses-2	V	35	2408	2484	17	18	2407	2428	7	8	8	8	4	0	1	3	1	0	2791	2988	2080	2400	4440	0	2
sub-20961	ses-1	V	34	2695.5	2736	17	17	2720	2680	6	6	8	7	7	1	0	1	3	1	2555.5	3240	1983	2832	2503	0	2
sub-20961	ses-2	V	35	2401	2600	19	16	2440	2340.5	8	6	8	7	6	0	1	0	2	2	2208	2908	2239.5	3824	1956	0	5
sub-20964	ses-1	V	28	1875.5	2064	15	13	2304	1760	4	5	8	6	5	3	1	1	5	2	1720	1888	1592	2416.5	2304	0	4
sub-20966	ses-1	V	36	2123.5	2123.5	20	16	2176.5	2123.5	8	6	8	7	7	2	1	0	0	1	1827	1942.5	2231.5	2976	2384	0	3
sub-20966	ses-2	V	33	1990	2104	17	16	1990	2007	7	7	8	4	7	3	0	0	1	3	2112	1935	1748	2622	1999	0	3
sub-20966	ses-3	V	33	1990	2104	17	16	1990	2007	7	7	8	4	7	3	0	0	1	3	2112	1935	1748	2622	1999	0	3
sub-20968	ses-1	V	35	1768	1772	19	16	1688	2012	6	8	8	8	5	0	1	1	3	0	1700	1716	1579.5	2084	1784	0	3
sub-20968	ses-2	V	38	1580	1664	19	19	1505	1704	7	8	8	8	7	0	1	0	1	0	1704	1900	1341	1879.5	1471	0	2
sub-20968	ses-3	V	39	1424	1424.5	20	19	1364	1569	8	8	8	7	8	0	0	0	0	1	1659.5	1388	1335.5	1481	1392	0	3
sub-20976	ses-1	V	36	2023.5	2103.5	18	18	2103.5	1944	7	8	8	7	6	1	0	0	2	1	2399	1867	1819.5	1968	2515.5	0	3
sub-20976	ses-2	V	38	2009	2052	19	19	1976	2041	7	8	8	8	7	0	1	0	1	0	1856	2356.5	1703.5	2024.5	2112	0	3
sub-20976	ses-3	V	38	2009	2052	19	19	1976	2041	7	8	8	8	7	0	1	0	1	0	1856	2356.5	1703.5	2024.5	2112	0	3
sub-20983	ses-1	V	36	2111.5	2175.5	18	18	2179.5	2067	7	8	8	8	5	1	0	0	3	0	1936	2203	2700	1983.5	2696	0	4
sub-20983	ses-2	V	36	2111.5	2175.5	18	18	2179.5	2067	7	8	8	8	5	1	0	0	3	0	1936	2203	2700	1983.5	2696	0	4
sub-21023	ses-1	V	36	2331.5	2331.5	17	19	2343	2320	6	6	8	8	8	0	2	0	0	2	2771	2279.5	2383.5	2288	2175	0	3
sub-21023	ses-2	V	37	1930	1937	19	18	2074	1864	7	8	8	6	8	0	1	0	0	2	1783	2311.5	1543.5	1991.5	2055.5	0	3
sub-21035	ses-1	V	32	2451.5	2596	16	16	2888	2395.5	6	4	7	8	7	0	0	0	7	1	3347.5	3503.5	2352	2343	2808	0	4
sub-21035	ses-2	V	31	2032	1979.5	16	15	1944	2064	7	3	7	8	6	0	1	0	5	3	2032	1968	1664	2068	2136	0	3
sub-21035	ses-3	V	35	2517	2570.5	17	18	2624	2364	8	5	8	8	6	0	0	0	4	1	2694.5	3506	2412	2209	2692	0	3
sub-21038	ses-1	V	34	1663	1775	17	17	1599	1679	5	7	8	6	8	0	1	1	0	4	1511	1599	1367	2679.5	1775	0	3
sub-21038	ses-2	V	38	1817	1829.5	20	18	1855.5	1730	7	8	8	7	8	0	1	0	0	1	2416	1627	1520.5	2574	1618	0	2
sub-21050	ses-1	V	32	1727	1668	15	17	1760	1664	6	7	8	8	3	0	1	1	5	1	2031.5	2424	1603	1415.5	1479	0	2
sub-21088	ses-1	V	38	2387.5	2387.5	20	18	2344	2427.5	8	8	8	7	7	1	0	0	0	1	2560	2747.5	1819	1895	2343	0	2
sub-21095	ses-1	V	34	1868	1903.5	17	17	2151	1824	4	7	8	7	8	0	2	2	2	0	1264	2288	1899.5	1575	3047.5	1	3
sub-21104	ses-1	V	37	1920	1976	20	17	2128.5	1673	6	8	8	8	7	0	0	0	3	0	1844	1775	2276.5	1580.5	2360	0	2
sub-21104	ses-2	V	39	1808	1812.5	20	19	1668	1936	8	8	8	8	7	0	0	0	1	0	1916	1844	1784.5	1720	1600	0	2
sub-21112	ses-1	V	32	2088	2136	17	15	1943	2232	6	3	8	7	8	0	1	0	3	4	1904	2584	2087.5	2376	1752	0	4
sub-21112	ses-2	V	32	2088	2136	17	15	1943	2232	6	3	8	7	8	0	1	0	3	4	1904	2584	2087.5	2376	1752	0	4
sub-21116	ses-1	V	37	1862	1939	19	18	1776	2096	6	8	8	7	8	0	0	0	1	2	1807	2096	1504	2039	2143.5	0	2
sub-21118	ses-1	V	33	1736	1759.5	18	15	1724	1736	5	6	8	8	6	0	3	0	2	2	1383	2207.5	1724	2407	1344	0	3
sub-21118	ses-2	V	37	1592	1596.5	20	17	1655.5	1488	7	8	8	7	7	0	0	1	2	0	3703	1760.5	1527	1712	1488	0	3
sub-21124	ses-1	V	33	2209	2188	17	16	2215	2172	7	6	7	7	6	1	0	0	5	1	2408	1976	2167	1879	4108	0	4
sub-21131	ses-1	V	38	1783	1787	20	18	1775	1783	7	8	8	8	7	0	2	0	0	0	1759	1787	1507	1691	4391	0	3
sub-21139	ses-1	VC	31	2519	2596	16	15	1979.5	2608	6	5	8	5	7	0	1	1	0	7	3495.5	2584	1827.5	3360	1904	0	3
sub-21139	ses-2	V	36	2182	2223	19	17	2203	2105	7	8	8	6	7	1	0	0	0	3	2761	2007.5	1817	2109	2340	0	4
sub-21141	ses-1	V	32	2124	2152	16	16	2244	1916	4	7	8	8	5	0	2	0	5	1	2336	2128	1996	2024	2616	0	4
sub-21141	ses-2	V	36	2422	2425.5	17	19	2429	2089	7	8	7	8	6	1	0	1	2	0	2073	2422	2583	2429	2036.5	0	3
sub-21146	ses-1	V	28	1839.5	1879.5	13	15	1975	1831	5	6	8	3	6	3	2	0	3	4	1696	2268	1688	2560	1668	0	2
sub-21150	ses-1	V	36	1408.5	1451.5	18	18	1353.5	1502.5	7	7	8	7	7	0	0	0	1	3	1258	2005	1330.5	1422	1229	0	3
sub-21154	ses-1	C	36	4075.5	4532	17	19	6383	3488	7	8	8	7	6	1	0	0	3	0	7832	5275.5	3144	4607	5276	0	2
sub-21154	ses-2	V	36	2246	2246	18	18	2203.5	2280	7	7	8	8	6	0	2	0	2	0	2356	2051	2778.5	1918.5	2378	0	4
sub-21161	ses-2	V	28	2055	2051.5	14	14	2107	2043.5	6	1	8	8	5	4	0	1	3	4	2123	1855	1848	2656	2175	0	5
sub-21161	ses-3	V	33	1789	1890	17	16	1789	1883.5	5	6	8	7	7	0	0	0	2	5	2215	2790.5	1644	1776	1719	0	6
sub-21193	ses-1	V	39	2216	2264	20	19	2343.5	2120	8	8	8	8	7	0	0	0	1	0	2471	2659.5	2016	2580	2064	0	5
sub-21193	ses-2	V	39	2216	2264	20	19	2343.5	2120	8	8	8	8	7	0	0	0	1	0	2471	2659.5	2016	2580	2064	0	5
sub-21197	ses-1	V	36	1852	1959.5	19	17	1984	1816	8	8	8	5	7	1	0	1	1	1	2011	1740	1852	2384	1543	0	3
sub-21224	ses-1	V	34	1927	1962.5	17	17	2094	1858	4	6	8	8	8	0	1	2	2	1	2110	1976	1767.5	1973	1824.5	0	2
sub-21325	ses-1	VC	36	2063	2134.5	17	19	2134	1814	7	7	8	8	6	0	1	0	2	1	1902	1928	1896	2330.5	1959.5	0	3
sub-21325	ses-2	VC	36	2063	2134.5	17	19	2134	1814	7	7	8	8	6	0	1	0	2	1	1902	1928	1896	2330.5	1959.5	0	3
sub-21345	ses-1	V	38	1856	1899	19	19	1729	1991	6	8	8	8	8	0	0	0	2	0	1905.5	1720.5	1762.5	1790.5	2507.5	0	2
sub-21432	ses-1	VC	37	2001	2096.5	19	18	2072	1849.5	7	8	8	7	7	1	2	0	0	0	2001	1978.5	1606	2514	2699	0	2
sub-21493	ses-1	V	37	1848	1879.5	19	18	1887	1792	8	6	8	8	7	0	0	0	2	1	2024	2975.5	1855.5	1720.5	1872	0	4
sub-21493	ses-2	V	37	1848	1879.5	19	18	1887	1792	8	6	8	8	7	0	0	0	2	1	2024	2975.5	1855.5	1720.5	1872	0	4
sub-21514	ses-1	V	34	2040	2556.5	16	18	2414	1949	8	3	8	8	7	0	1	0	2	3	3485	1833	1258.5	3348	2015	0	2
sub-21516	ses-1	V	38	2176	2248	20	18	2275	2032.5	6	8	8	8	8	0	1	0	1	0	1799.5	2660.5	2148	2132.5	2346.5	0	3
sub-21516	ses-2	V	38	2385	2243	19	19	2607	2146	8	8	7	7	8	1	0	0	0	1	2311.5	2089	2121	2931	3073	0	2
sub-21539	ses-1	V	37	1809	1845	19	18	1680	1967	7	8	8	7	7	1	1	0	1	0	1855	1583	1140.5	1993	2086	0	5
sub-21553	ses-1	V	37	2242	2259	19	18	2357	2160	8	5	8	8	8	1	0	0	2	0	3502	2108	1869.5	2478	2227	0	2
sub-21553	ses-2	V	35	2071	2095.5	19	16	1966	2132	6	8	8	7	6	1	0	0	1	3	2011	3276	2030.5	2395	1520.5	0	3
sub-21554	ses-1	VC	31	2942	3155.5	16	15	2778	2980	5	8	8	3	7	1	2	5	0	1	3067	3261	1822	3862	2565	0	3
sub-21554	ses-2	V	35	2704	2884	19	16	2464	2912	6	8	8	8	5	0	1	1	2	1	3608	3928	2252	2812	1944	0	3
sub-21560	ses-1	V	38	2160.5	2322	20	18	2512.5	1983.5	6	8	8	8	8	0	1	0	1	0	2764	2242.5	1754	2493	3444	0	2
sub-21560	ses-2	V	38	1639.5	1691.5	20	18	1691.5	1478.5	6	8	8	8	8	0	1	0	1	0	1505.5	1774.5	1869.5	1604.5	1613	0	2
sub-21567	ses-1	VC	33	1789	1946	16	17	1977	1754	7	8	8	5	5	2	2	0	1	2	1943	2141.5	1763	1949	1661	0	3
sub-21568	ses-1	VC	37	1757	1826.5	18	19	1740	1757	8	8	8	7	6	0	0	0	2	1	2485	1840.5	1535	1757	1349	0	2
sub-21580	ses-1	VC	31	2096	2071	16	15	2157	2096	4	7	8	7	5	0	3	0	4	2	2202	1852	2021	2039	2919	0	4
sub-21580	ses-2	VC	31	2096	2071	16	15	2157	2096	4	7	8	7	5	0	3	0	4	2	2202	1852	2021	2039	2919	0	4
sub-21623	ses-1	V	38	1650	1650	19	19	1645	1655	8	7	8	7	8	0	0	0	0	2	1824	1645	1609	2195	1485.5	0	3
sub-21623	ses-2	V	38	1652.5	1640.5	19	19	1713	1641	8	7	8	7	8	0	0	0	0	2	1739.5	1640	1339.5	1864	1432	0	4
sub-21712	ses-1	V	37	1590	1595.5	20	17	1622	1417	7	7	8	8	7	0	0	0	3	0	2013	1648	1594.5	1257.5	1592	0	3
sub-21712	ses-2	V	37	1779	1793	19	18	1779	1781	7	8	8	7	7	1	0	1	0	1	1895	1824	1607.5	1951	1469	0	2
sub-21713	ses-1	n/a	n/a	n/a	n/a	n/a	n/a	n/a	n/a	n/a	n/a	n/a	n/a	n/a	n/a	n/a	n/a	n/a	n/a	n/a	n/a	n/a	n/a	n/a	n/a	n/a
sub-21713	ses-2	V	37	1594	1637.5	19	18	1536	1645	7	8	8	8	6	0	0	0	3	0	1647	1492	1697	1433.5	1592	0	3
sub-21738	ses-1	V	38	1908	1942.5	20	18	1815.5	2011	7	7	8	8	8	0	0	0	2	0	2100	1963	1914.5	1829.5	1731.5	0	3
sub-21797	ses-1	VC	28	1939.5	2474.5	16	12	1939.5	2121	5	8	8	1	6	5	2	2	0	3	3060	2126	1654	2239	2862.5	0	2
sub-21827	ses-1	V	37	1951	1916	20	17	1870	1976	7	8	8	7	7	0	0	1	1	1	1976	2465.5	1660	2162	1704	0	4
sub-21855	ses-1	V	34	2171	2245.5	17	17	2231	1885	7	6	8	5	8	0	0	3	1	2	3270	1978	1668	4357	2172	0	2
sub-21855	ses-2	V	37	1440	1476	19	18	1416	1516	8	7	8	6	8	1	0	1	0	1	1432	1440	1416	1776	1500	0	2
sub-21856	ses-1	V	36	2292	2300	18	18	2185	2438	6	7	8	7	8	0	0	2	1	1	2277	2591	1811.5	2759	2034.5	0	3
sub-22045	ses-1	VC	37	2051	2080	19	18	1929	2080	8	7	8	6	8	0	0	0	0	3	3099	1790	1766.5	3276.5	1949	0	2
sub-22045	ses-2	V	38	2001	2058.5	20	18	2116	1828.5	8	8	8	8	6	0	0	0	2	0	1783.5	1816	1844	2329	2100	0	3
sub-22064	ses-1	V	38	2129.5	2196.5	19	19	2066	2193	8	8	8	8	6	1	1	0	0	0	4096.5	1883	1566	1578	3091.5	0	3
sub-22064	ses-2	V	39	2111	2208	20	19	2087	2359	8	8	8	8	7	1	0	0	0	0	2951	2208	2009.5	2568.5	2419	0	2
sub-22169	ses-1	n/a	n/a	n/a	n/a	n/a	n/a	n/a	n/a	n/a	n/a	n/a	n/a	n/a	n/a	n/a	n/a	n/a	n/a	n/a	n/a	n/a	n/a	n/a	n/a	n/a
sub-22473	ses-1	V	36	1744	1852.5	17	19	1614	1834	5	7	8	8	8	0	0	1	3	0	1467	2063	1492.5	2123.5	1610	0	5
sub-22473	ses-2	n/a	35	2120	2246	19	16	2258	2011	8	6	8	5	8	1	0	2	0	2	2435	2537	1607	2435	1864.5	0	3
sub-22510	ses-1	V	37	1977	2061.5	20	17	1760	2478	8	7	8	7	7	1	0	0	1	1	1628	1748	1874.5	3539	2825	0	2
sub-22520	ses-1	V	17	1931	1746	10	7	1742	2022	3	2	6	1	5	5	4	5	1	8	1741	1997.5	1774.5	2869	1750	0	6
sub-22617	ses-1	V	34	1590.5	1614	19	15	1642	1342	7	7	8	7	5	1	1	1	1	2	1342	1731	1249	1617	1611	0	4
sub-22618	ses-1	V	34	2579.5	2660	18	16	2660	2267.5	6	7	8	7	6	0	0	2	3	1	2363.5	2809	1564.5	2288	3059.5	0	3
sub-22653	ses-1	n/a	n/a	n/a	n/a	n/a	n/a	n/a	n/a	n/a	n/a	n/a	n/a	n/a	n/a	n/a	n/a	n/a	n/a	n/a	n/a	n/a	n/a	n/a	n/a	n/a
sub-22653	ses-2	V	35	1975	1999	17	18	2129	1837.5	6	8	8	5	8	0	1	0	1	3	2691	1886	2072	1982	1800.5	0	3
sub-22654	ses-1	V	35	1602	1697	18	17	1676.5	1584	7	8	8	4	8	0	1	2	0	2	1584	1558	1388.5	5422	1590.5	0	3
sub-22654	ses-2	n/a	39	1651	1642.5	19	20	1627	1699	8	8	8	7	8	1	0	0	0	0	1627	1914	1444.5	2063	1533.5	0	2
sub-22670	ses-1	V	35	1782	1831	17	18	1822	1763.5	7	6	8	8	6	1	1	0	3	0	1801	1719.5	1560.5	2103	2095.5	0	3
sub-22744	ses-1	V	34	1807	1863	17	17	1805	1898	7	6	8	5	8	1	1	0	1	3	1823	1650.5	1701	1798	1865	0	2
sub-22745	ses-1	V	39	1567	1584	19	20	1533	1633	8	7	8	8	8	0	0	0	0	1	1715	2317	1444.5	1475.5	1433.5	0	2
sub-22797	ses-1	V	36	1917	1865.5	19	17	1884	1962	8	7	8	6	7	0	0	0	1	3	1960.5	2010	1565	2876	2147	0	2
sub-22798	ses-1	V	38	2581	2581	19	19	3781	2018	7	7	8	8	8	0	1	0	0	1	2471	2297	1941	3382.5	3861	0	3
sub-22870	ses-1	V	39	1663	1659	19	20	1833	1622.5	8	7	8	8	8	0	0	0	0	1	2000	2152	1656.5	1707.5	1379.5	0	4
sub-23113	ses-1	V	29	2183	2162.5	15	14	2218	2072.5	6	8	8	0	7	2	2	0	0	7	2734	2072.5	1648	n/a	2279	0	3
sub-23303	ses-1	V	37	2978	3050.5	19	18	2839	3050.5	6	7	8	8	8	0	1	0	2	0	3166	3477	2700	3134	2666.5	0	3
sub-23676	ses-1	n/a	n/a	n/a	n/a	n/a	n/a	n/a	n/a	n/a	n/a	n/a	n/a	n/a	n/a	n/a	n/a	n/a	n/a	n/a	n/a	n/a	n/a	n/a	n/a	n/a
sub-23698	ses-1	n/a	n/a	n/a	n/a	n/a	n/a	n/a	n/a	n/a	n/a	n/a	n/a	n/a	n/a	n/a	n/a	n/a	n/a	n/a	n/a	n/a	n/a	n/a	n/a	n/a
sub-138950	ses-1	V	36	1687	1761	18	18	1531	2022.5	8	8	7	7	6	1	0	0	2	1	1550	2044.5	1699	1836	1520	0	3
sub-138950	ses-2	V	38	1503	1527	20	18	1460	1528	7	8	8	7	8	1	0	0	1	0	1457	1196	1604.5	1784	1487	0	3
