participant_id	session_id	eswan_adhd_01	eswan_adhd_02	eswan_adhd_03	eswan_adhd_04	eswan_adhd_05	eswan_adhd_06	eswan_adhd_07	eswan_adhd_08	eswan_adhd_09	eswan_adhd_10	eswan_adhd_11	eswan_adhd_12	eswan_adhd_13	eswan_adhd_14	eswan_adhd_15	eswan_adhd_16	eswan_adhd_17	eswan_adhd_18	eswan_adhd_proband_complete	eswan_adhd_inattention_total	eswan_adhd_hyperactivity_impulsivity_total	eswan_adhd_total_score
sub-138950	ses-1	-2	3	0	3	0	3	2	1	3	-2	3	-3	3	1	3	2	2	0	2	13	9	22
sub-138950	ses-2	2	2	3	3	0	0	2	2	2	3	3	3	3	2	1	3	3	3	2	16	24	40
sub-19861	ses-1	0	-1	1	-2	-1	1	0	-1	-2	-3	1	0	-2	1	0	0	-1	0	2	-5	-4	-9
sub-19861	ses-2	n/a	n/a	n/a	n/a	n/a	n/a	n/a	n/a	n/a	n/a	n/a	n/a	n/a	n/a	n/a	n/a	n/a	n/a	0	n/a	n/a	n/a
sub-20124	ses-1	0	-3	-3	-3	-3	-3	-2	0	0	0	-3	-3	0	-1	0	-3	3	-3	2	-17	-10	-27
sub-20125	ses-1	-1	0	-1	0	0	0	-1	0	0	1	2	0	2	0	0	0	0	0	2	-3	5	2
sub-20139	ses-1	-1	0	1	1	0	1	-1	0	0	-2	0	1	0	1	0	0	0	-3	2	1	-3	-2
sub-20139	ses-2	0	-1	0	-2	-1	0	0	-1	-1	-3	0	0	1	0	0	0	0	0	2	-6	-2	-8
sub-20139	ses-3	-2	0	0	0	0	-2	0	-1	1	-2	-1	0	1	0	0	0	0	-1	2	-4	-3	-7
sub-20141	ses-1	-1	0	0	0	-1	-2	-2	0	-2	-1	0	0	0	0	0	0	-1	-1	2	-8	-3	-11
sub-20149	ses-1	2	-3	0	0	0	0	0	-3	0	1	0	-3	0	0	-3	1	0	0	2	-4	-4	-8
sub-20149	ses-2	0	1	3	3	3	2	3	0	3	-2	3	2	2	2	3	3	3	3	2	18	19	37
sub-20149	ses-3	1	0	2	2	2	2	2	-1	1	-3	-1	0	1	2	2	-3	2	0	2	11	0	11
sub-20188	ses-1	1	1	2	0	0	2	2	0	2	0	0	2	0	1	0	0	0	0	2	10	3	13
sub-20188	ses-2	2	-1	2	-2	-1	2	0	-2	1	-1	0	0	-1	-1	0	0	0	-1	2	1	-4	-3
sub-20188	ses-3	0	-2	0	-2	-1	2	-1	-2	-1	-2	0	0	0	-1	0	0	0	0	2	-7	-3	-10
sub-20212	ses-1	0	1	-1	1	0	1	1	2	0	-2	2	2	3	-2	2	-1	-1	-1	2	5	2	7
sub-20214	ses-1	0	0	0	0	-2	1	1	0	1	-1	1	3	3	3	3	2	2	0	2	1	16	17
sub-20214	ses-2	0	0	0	0	0	0	0	0	0	0	0	0	0	0	0	0	0	0	2	0	0	0
sub-20214	ses-3	0	-1	0	0	-1	0	0	-1	0	-1	0	1	1	0	2	2	0	0	2	-3	5	2
sub-20236	ses-1	-3	3	3	3	0	3	3	1	3	3	3	3	0	1	3	3	3	3	2	16	22	38
sub-20238	ses-1	0	-1	-1	2	1	0	-1	0	2	-2	-2	0	-2	-1	0	0	-2	-1	2	2	-10	-8
sub-20238	ses-2	3	-3	3	2	0	-3	2	-3	3	-2	-3	-3	0	0	0	0	0	0	2	4	-8	-4
sub-20252	ses-1	2	3	3	2	2	2	2	-1	3	3	3	3	2	2	3	3	3	3	2	18	25	43
sub-20252	ses-2	2	3	3	2	-1	0	1	-1	2	2	n/a	-2	2	-3	1	3	3	1	2	11	n/a	n/a
sub-20253	ses-1	0	-1	1	0	-1	0	-2	-1	0	0	0	0	-1	0	-1	-2	3	-1	2	-4	-2	-6
sub-20253	ses-2	0	0	-1	-2	-1	-1	0	-1	-2	2	2	0	-2	0	0	-1	1	-1	2	-8	1	-7
sub-20253	ses-3	0	0	-1	0	0	0	0	0	-1	-3	-1	3	0	0	0	-1	0	0	2	-2	-2	-4
sub-20258	ses-1	0	-2	0	0	0	0	0	0	1	-2	-1	0	-3	0	0	0	0	0	2	-1	-6	-7
sub-20258	ses-2	0	0	0	0	0	0	0	0	0	0	0	0	0	0	0	0	0	0	2	0	0	0
sub-20259	ses-1	-3	3	3	3	3	3	3	3	3	3	3	0	3	3	3	-3	3	3	2	21	18	39
sub-20259	ses-2	-1	1	-1	0	-1	0	0	0	0	0	0	3	0	0	0	0	n/a	0	2	-2	n/a	n/a
sub-20259	ses-3	1	1	1	0	1	1	0	0	0	0	1	1	1	1	0	0	0	1	2	5	5	10
sub-20302	ses-1	1	0	0	-1	1	1	-2	0	-1	0	0	-1	0	-1	0	1	0	0	2	-1	-1	-2
sub-20302	ses-2	1	0	1	1	2	1	1	0	0	-1	0	0	0	0	0	0	1	0	2	7	0	7
sub-20303	ses-1	2	2	2	3	2	2	3	0	2	-1	3	1	1	0	0	1	1	0	2	18	6	24
sub-20303	ses-2	2	0	3	3	2	2	3	-1	3	-2	1	0	-1	-1	-1	1	1	1	2	17	-1	16
sub-20303	ses-3	2	-1	2	3	2	0	3	-2	1	-3	0	0	0	-1	-1	0	0	0	2	10	-5	5
sub-20305	ses-1	0	0	2	2	2	1	2	1	0	-2	0	3	0	0	0	2	1	0	2	10	4	14
sub-20305	ses-2	0	-1	2	0	0	0	0	1	0	-2	0	0	0	0	-1	0	0	0	2	2	-3	-1
sub-20310	ses-1	2	0	2	0	-2	0	2	0	-3	-2	1	-2	-1	0	-2	-3	2	-3	2	1	-10	-9
sub-20310	ses-2	-1	-2	1	2	-2	-1	2	-1	-2	-2	0	-2	2	-1	0	2	0	-1	2	-4	-2	-6
sub-20310	ses-3	-1	0	1	0	-1	-1	-2	-1	-1	0	0	0	1	-1	2	0	-1	0	2	-6	1	-5
sub-20328	ses-1	3	0	2	3	1	3	1	0	0	0	1	2	3	0	3	3	3	0	2	13	15	28
sub-20328	ses-2	-1	-1	0	0	0	3	-2	-2	0	-2	0	3	2	0	2	2	3	2	2	-3	12	9
sub-20333	ses-1	0	0	-2	0	-3	-3	0	-3	1	3	-3	-3	3	0	-3	-3	-3	0	2	-10	-9	-19
sub-20335	ses-1	-3	3	0	1	-2	2	0	3	1	1	2	-2	-1	1	3	3	1	3	2	5	11	16
sub-20336	ses-1	-3	2	3	2	-3	-1	0	-2	2	3	-3	1	0	1	2	3	-3	1	2	0	5	5
sub-20347	ses-1	1	0	0	0	1	0	1	-1	-1	0	-1	0	-1	0	-1	-1	0	0	2	1	-4	-3
sub-20350	ses-1	-1	-2	1	0	-3	-1	1	0	0	-2	2	0	0	-1	-1	-1	1	0	2	-5	-2	-7
sub-20352	ses-1	-1	0	1	0	n/a	-2	1	-1	1	2	3	2	1	2	1	2	3	3	0	n/a	19	n/a
sub-20352	ses-2	0	0	0	-1	0	0	0	0	0	-1	0	0	0	0	0	0	0	1	2	-1	0	-1
sub-20399	ses-1	-1	2	-2	-3	-2	3	-1	-2	0	-2	-2	-2	-2	-3	1	-2	-2	-1	2	-6	-15	-21
sub-20399	ses-2	-3	-3	-2	-3	-3	-3	-3	-3	-3	-2	-3	-2	-3	-3	-2	-2	-1	-3	2	-26	-21	-47
sub-20402	ses-1	1	1	1	1	0	0	0	0	0	0	0	0	0	0	0	0	0	0	2	4	0	4
sub-20403	ses-1	-1	0	2	2	2	1	2	-2	2	2	3	-1	2	2	2	-2	-2	-2	2	8	4	12
sub-20410	ses-1	-3	-2	0	0	0	0	0	-3	0	0	-1	-1	0	3	0	3	3	0	2	-8	7	-1
sub-20427	ses-1	1	-1	0	-2	-2	0	0	0	0	1	1	0	0	0	0	3	0	0	2	-4	5	1
sub-20427	ses-2	0	1	0	0	0	1	1	0	0	-2	0	0	1	1	0	2	0	2	2	3	4	7
sub-20448	ses-1	0	0	0	0	0	0	0	0	0	0	0	0	0	0	0	0	0	-2	2	0	-2	-2
sub-20463	ses-1	2	2	2	2	2	2	1	1	2	0	0	2	2	0	2	2	2	2	2	16	12	28
sub-20463	ses-2	1	0	0	1	0	0	0	0	0	0	0	0	0	0	0	0	0	0	2	2	0	2
sub-20494	ses-1	2	3	3	0	-1	3	2	3	0	-3	2	-3	3	2	2	-3	3	3	2	15	6	21
sub-20494	ses-2	-3	3	3	3	-3	3	0	-3	3	-3	3	-3	-3	-3	-3	-3	3	3	2	6	-9	-3
sub-20494	ses-3	-2	2	3	1	0	1	0	0	1	0	0	-1	0	0	-2	-2	0	-1	2	6	-6	0
sub-20533	ses-1	0	0	-1	-2	-3	0	0	-2	-2	-2	-2	0	-3	-2	1	1	2	0	2	-10	-5	-15
sub-20533	ses-2	0	0	0	-1	0	1	0	0	0	-2	0	3	3	0	0	0	0	0	2	0	4	4
sub-20572	ses-1	-3	-2	0	-3	-3	-3	2	1	-3	-1	-2	-2	-2	-1	-3	3	-3	-1	2	-14	-12	-26
sub-20572	ses-2	2	-3	2	-3	0	0	0	-3	0	0	-1	-2	0	0	0	-1	-1	-1	2	-5	-6	-11
sub-20612	ses-1	2	2	2	2	1	0	2	1	1	2	2	1	-2	2	0	-3	1	-2	2	13	1	14
sub-20626	ses-1	0	0	1	0	0	0	0	0	0	0	0	0	0	0	1	1	0	0	2	1	2	3
sub-20626	ses-2	-2	-3	0	-3	-3	-1	0	0	-1	-3	2	3	1	3	1	2	3	0	2	-13	12	-1
sub-20691	ses-1	-3	-3	-3	3	3	2	n/a	n/a	3	3	2	n/a	n/a	n/a	n/a	1	0	3	2	n/a	n/a	n/a
sub-20691	ses-2	-1	-1	2	2	-1	-1	0	-1	0	-1	3	2	-1	2	-1	-2	2	-3	2	-1	1	0
sub-20712	ses-1	-1	1	-1	0	1	0	2	0	-1	-2	-1	0	-1	0	0	-2	-1	0	2	1	-7	-6
sub-20712	ses-2	0	-2	0	-1	2	2	2	0	2	-2	-1	0	2	2	2	0	2	2	2	5	7	12
sub-20712	ses-3	0	-1	1	-1	-2	-1	0	0	0	-2	1	n/a	1	2	2	2	1	2	2	-4	n/a	n/a
sub-20721	ses-1	0	0	0	0	0	0	0	-2	0	1	1	1	1	1	3	1	2	0	2	-2	11	9
sub-20721	ses-2	0	-3	-1	-3	-2	3	0	-2	0	-2	0	0	0	0	0	0	0	0	2	-8	-2	-10
sub-20721	ses-3	1	2	0	0	1	3	0	-1	0	0	0	0	0	0	-1	0	1	0	2	6	0	6
sub-20724	ses-1	3	3	3	3	3	3	-3	-3	3	3	3	3	3	3	3	3	-3	-3	2	15	15	30
sub-20794	ses-1	0	0	3	0	3	0	0	1	0	0	0	0	0	0	0	0	0	0	2	7	0	7
sub-20812	ses-1	-3	1	-3	2	1	-3	2	0	0	0	2	0	0	0	0	0	0	0	2	-3	2	-1
sub-20812	ses-3	0	0	0	0	0	0	0	0	0	0	0	0	0	0	0	0	0	0	2	0	0	0
sub-20818	ses-1	-2	-2	-2	2	-2	0	-3	0	1	-3	2	-3	-1	2	1	1	0	3	2	-8	2	-6
sub-20818	ses-2	-2	-2	-3	-3	-2	-2	-2	-2	0	2	2	0	0	-2	-2	-2	1	0	2	-18	-1	-19
sub-20823	ses-1	-3	3	3	3	3	-3	3	3	3	3	3	3	3	3	3	3	3	3	2	15	27	42
sub-20823	ses-2	-3	2	3	-1	1	-1	-2	-2	2	2	2	2	2	2	-3	-2	0	-1	2	-1	4	3
sub-20836	ses-1	0	2	1	0	-1	2	0	-3	3	1	0	-3	2	0	-1	0	2	-2	2	4	-1	3
sub-20836	ses-2	1	0	2	3	1	0	0	0	2	0	-1	-2	0	0	2	1	0	1	2	9	1	10
sub-20842	ses-1	-1	0	-1	3	-3	-3	-1	-3	1	-3	0	1	-3	0	-3	2	-2	-3	2	-8	-11	-19
sub-20846	ses-1	-3	-1	3	3	3	3	3	-3	2	-1	3	0	3	3	1	-1	3	-2	2	10	9	19
sub-20849	ses-1	1	1	2	2	2	2	1	0	1	2	3	-2	1	1	1	3	1	1	2	12	11	23
sub-20855	ses-1	-1	0	1	-1	1	0	0	1	0	1	2	0	1	-1	3	1	0	-1	2	1	6	7
sub-20860	ses-1	-1	0	-1	-2	-1	1	0	0	1	-3	0	3	0	0	0	0	1	-1	2	-3	0	-3
sub-20865	ses-1	-1	-2	-2	-2	-1	-1	0	-1	0	-1	3	-2	-2	0	-2	-2	0	-2	2	-10	-8	-18
sub-20865	ses-2	0	0	3	-1	-1	-1	-1	-1	-1	0	0	-3	0	3	1	-1	-1	0	2	-3	-1	-4
sub-20866	ses-1	2	3	2	2	3	3	3	1	2	2	2	2	2	2	2	2	2	2	2	21	18	39
sub-20866	ses-2	1	3	1	1	1	3	3	3	2	2	3	3	1	2	2	2	2	2	2	18	19	37
sub-20902	ses-1	0	0	-1	-1	0	0	0	0	1	-1	-1	0	-1	-2	2	0	0	0	2	-1	-3	-4
sub-20902	ses-2	0	0	1	-1	0	1	-1	1	1	1	-1	0	-2	0	1	0	-1	1	2	2	-1	1
sub-20902	ses-3	-1	0	0	0	0	0	0	0	0	0	0	0	0	0	0	0	0	0	2	-1	0	-1
sub-20916	ses-1	1	0	-1	0	1	1	-1	-1	-1	-1	1	1	0	-1	0	1	0	0	2	-1	1	0
sub-20916	ses-2	0	0	0	0	0	0	0	0	0	0	2	0	0	0	0	0	0	0	2	0	2	2
sub-20916	ses-3	2	0	2	1	1	0	0	-1	0	0	0	0	0	0	0	2	0	0	2	5	2	7
sub-20918	ses-1	2	3	0	0	0	3	1	2	0	0	2	0	2	3	3	3	2	0	2	11	15	26
sub-20919	ses-1	-3	3	-3	3	0	-3	3	-3	2	0	-1	-3	3	3	3	2	0	1	2	-1	8	7
sub-20923	ses-1	-3	-3	-3	-3	3	0	-1	2	2	3	2	0	-2	0	2	-1	-1	-1	2	-6	2	-4
sub-20923	ses-2	-2	0	0	0	-1	-1	-1	1	1	-1	0	2	-1	-1	1	1	1	0	2	-3	2	-1
sub-20934	ses-1	0	3	0	2	2	0	0	0	-1	-1	1	2	-2	0	-3	3	3	-1	2	6	2	8
sub-20936	ses-1	1	-3	-1	-3	-1	-3	-1	-3	-1	-3	0	2	3	-3	1	0	0	-1	2	-15	-1	-16
sub-20936	ses-2	0	-2	2	0	1	1	-2	0	-1	-2	-1	0	-1	1	0	0	1	0	2	-1	-2	-3
sub-20953	ses-1	0	1	0	-3	0	0	0	0	2	3	2	0	3	1	1	0	1	1	2	0	12	12
sub-20953	ses-2	1	-1	0	-3	-2	1	-2	-3	-2	-1	0	n/a	-1	0	-2	-2	2	0	2	-11	n/a	n/a
sub-20961	ses-1	-3	-1	-3	-3	-3	-3	-3	-3	-3	-3	-3	-3	-3	-3	-3	-3	-3	-3	2	-25	-27	-52
sub-20961	ses-2	n/a	n/a	n/a	n/a	n/a	n/a	n/a	n/a	n/a	n/a	n/a	n/a	n/a	n/a	n/a	n/a	n/a	n/a	0	n/a	n/a	n/a
sub-20964	ses-1	2	-1	0	3	2	1	-3	-2	2	-3	2	3	-2	0	1	-2	3	0	2	4	2	6
sub-20966	ses-1	2	1	-1	-2	-3	0	-3	-1	1	0	3	2	-1	0	-3	0	2	2	2	-6	5	-1
sub-20966	ses-2	-1	-2	0	-1	0	0	0	-1	0	-2	0	0	0	-3	0	0	1	1	2	-5	-3	-8
sub-20966	ses-3	0	-2	-1	2	3	1	1	-1	-1	0	3	3	3	-3	2	2	2	-1	2	2	11	13
sub-20968	ses-1	2	0	2	0	0	0	2	-2	2	2	2	2	0	2	2	2	0	0	2	6	12	18
sub-20968	ses-2	0	0	3	2	2	2	1	0	0	0	3	3	3	3	3	3	3	3	2	10	24	34
sub-20968	ses-3	-2	1	1	1	1	1	1	0	1	0	2	2	2	3	3	2	3	1	2	5	18	23
sub-20976	ses-1	1	0	-1	-1	0	1	1	0	0	-2	0	2	-1	-1	-2	-1	0	-2	2	1	-7	-6
sub-20976	ses-2	-2	0	0	0	1	0	-1	1	0	0	0	1	1	0	1	1	0	0	2	-1	4	3
sub-20976	ses-3	1	0	0	2	2	0	0	0	0	0	0	1	0	0	0	0	0	1	2	5	2	7
sub-20983	ses-1	-3	0	1	-1	-1	-1	-2	-1	0	1	2	-1	1	0	1	1	3	0	2	-8	8	0
sub-20983	ses-2	0	-1	1	-1	-3	-1	2	-1	1	-2	1	n/a	0	1	-2	-1	2	-1	2	-3	n/a	n/a
sub-21023	ses-1	0	-1	0	0	-1	-1	1	-2	1	-3	0	1	0	1	0	0	0	0	2	-3	-1	-4
sub-21023	ses-2	0	1	2	0	-1	1	0	-1	0	-2	2	2	0	1	1	0	1	0	2	2	5	7
sub-21035	ses-1	-3	-3	-3	-3	-3	-3	-3	-3	-3	-3	-3	-3	-3	-3	-3	-3	-3	-3	2	-27	-27	-54
sub-21035	ses-2	0	2	-3	-1	0	-2	1	3	2	-3	-3	1	3	-1	3	1	3	1	2	2	5	7
sub-21035	ses-3	-3	0	3	0	2	3	3	1	0	-3	-3	-2	-3	-3	1	-2	-3	2	2	9	-16	-7
sub-21038	ses-1	3	3	0	0	-1	1	2	0	3	-2	-1	0	-1	-1	-2	2	0	1	2	11	-4	7
sub-21038	ses-2	2	1	3	3	1	1	2	2	2	2	3	2	3	2	2	3	3	3	2	17	23	40
sub-21050	ses-1	-3	1	2	0	-1	0	-3	-3	-3	-2	-1	0	-1	1	0	2	0	0	2	-10	-1	-11
sub-21088	ses-1	0	0	0	0	1	-1	-3	1	3	1	2	3	-2	0	0	0	-1	0	2	1	3	4
sub-21095	ses-1	0	0	3	3	0	0	-1	0	-1	0	0	0	-1	0	0	-1	0	0	2	4	-2	2
sub-21104	ses-1	3	3	1	0	0	2	0	-3	-1	-1	3	3	3	3	3	3	3	-1	2	5	19	24
sub-21104	ses-2	0	0	0	-1	0	0	-2	0	0	0	3	3	2	2	3	0	1	0	2	-3	14	11
sub-21112	ses-1	-1	-3	0	3	0	2	3	1	2	-3	2	1	-3	0	3	1	2	-2	2	7	1	8
sub-21112	ses-2	-1	0	-1	3	-1	1	3	0	0	-1	0	0	0	0	3	-2	-2	-3	2	4	-5	-1
sub-21116	ses-1	0	3	0	-1	2	1	3	0	2	1	2	1	3	3	0	-1	3	2	2	10	14	24
sub-21118	ses-1	0	-2	-1	-1	0	-1	-1	-1	-1	-2	-2	0	-1	-2	-1	-1	-1	-2	2	-8	-12	-20
sub-21118	ses-2	-2	0	-1	0	0	0	0	2	-1	0	0	0	0	0	-1	-1	-1	-1	2	-2	-4	-6
sub-21124	ses-1	-3	3	2	0	1	1	-1	3	0	-3	2	2	1	3	3	0	2	2	2	6	12	18
sub-21131	ses-1	-2	0	0	0	0	-1	0	-3	0	-3	-1	-1	-3	0	0	0	0	-3	2	-6	-11	-17
sub-21139	ses-1	1	-2	3	3	-2	0	3	-3	3	0	3	-3	3	-3	0	2	3	3	2	6	8	14
sub-21139	ses-2	-3	0	3	3	-1	-3	2	-2	-1	0	-1	-3	2	-1	-2	1	3	3	2	-2	2	0
sub-21141	ses-1	n/a	n/a	n/a	n/a	n/a	n/a	n/a	n/a	n/a	n/a	n/a	n/a	n/a	n/a	n/a	n/a	n/a	n/a	0	n/a	n/a	n/a
sub-21141	ses-2	3	2	1	1	1	-3	1	0	2	0	1	3	3	1	2	-1	1	2	2	8	12	20
sub-21146	ses-1	2	-3	3	3	2	-1	3	-2	3	2	-1	2	3	3	-1	1	-1	1	2	10	9	19
sub-21150	ses-1	-1	-1	-1	-1	-1	-1	-1	-1	0	0	0	0	0	0	0	0	0	0	2	-8	0	-8
sub-21154	ses-1	3	3	0	-3	0	3	0	0	3	-3	0	1	0	-3	0	0	-3	-1	2	9	-9	0
sub-21154	ses-2	0	3	3	-2	0	-3	-2	-2	0	-3	3	3	-1	3	-1	0	3	0	2	-3	7	4
sub-21161	ses-1	-2	1	1	1	0	-2	0	1	-1	3	3	3	-2	2	1	1	3	0	2	-1	14	13
sub-21161	ses-2	3	1	2	2	2	3	3	3	0	0	0	3	-1	-1	-2	3	3	2	2	19	7	26
sub-21161	ses-3	-3	-3	-2	-2	3	0	-2	-3	-3	-3	-3	-3	-3	-3	-2	-2	2	-1	2	-15	-18	-33
sub-21193	ses-1	-3	-2	-2	0	-1	-3	-2	-3	-2	-2	-1	-3	-2	-2	-3	-3	0	-1	2	-18	-17	-35
sub-21193	ses-2	-3	0	0	0	0	0	-1	0	0	-2	0	0	0	-1	0	0	0	0	2	-4	-3	-7
sub-21197	ses-1	0	0	0	0	2	0	1	0	-1	-1	1	0	0	0	-1	-1	0	-2	2	2	-4	-2
sub-21224	ses-1	-1	0	-1	-2	-2	-2	-2	-1	1	-2	1	-2	-1	0	-2	-2	-2	-2	2	-10	-12	-22
sub-21325	ses-1	2	1	2	0	2	2	3	0	0	-1	1	2	0	1	0	2	1	1	2	12	7	19
sub-21325	ses-2	2	1	1	1	2	0	2	0	0	-2	3	1	0	-1	0	1	-1	1	2	9	2	11
sub-21345	ses-1	0	-1	0	0	2	1	2	-1	0	0	1	1	0	0	0	0	1	1	2	3	4	7
sub-21432	ses-1	0	2	-1	-1	0	0	0	-1	0	-3	0	-1	-2	-1	-1	1	1	0	2	-1	-6	-7
sub-21493	ses-1	0	-2	-1	0	-1	-1	1	1	-1	-1	0	-2	-1	-2	0	-2	1	0	2	-4	-7	-11
sub-21493	ses-2	-1	0	0	1	-1	-2	0	2	-1	-2	1	2	0	2	-1	1	2	0	2	-2	5	3
sub-21514	ses-1	0	-1	1	1	1	0	0	-2	-1	2	2	2	1	0	-1	1	3	1	2	-1	11	10
sub-21516	ses-1	0	0	0	0	-1	0	0	0	0	0	1	2	0	0	1	1	1	0	2	-1	6	5
sub-21516	ses-2	0	-1	0	0	-1	0	1	0	0	-1	0	2	0	0	1	1	2	2	2	-1	7	6
sub-21539	ses-1	0	2	1	0	-1	0	0	-1	1	-1	0	0	-1	0	-1	1	0	0	2	2	-2	0
sub-21553	ses-1	-3	2	1	-3	-3	0	1	1	1	0	-1	0	0	3	1	0	-1	-1	2	-3	1	-2
sub-21553	ses-2	-1	-3	3	0	-2	-2	0	0	0	0	3	0	1	0	-1	0	0	1	2	-5	4	-1
sub-21554	ses-1	-3	-2	-3	-2	-3	-3	0	-3	-2	0	-1	-1	-3	-3	-1	-2	0	-3	2	-21	-14	-35
sub-21554	ses-2	-2	-2	2	2	0	-2	0	0	2	2	2	2	0	1	0	2	2	-1	2	0	10	10
sub-21560	ses-1	0	0	-1	-1	-1	1	-1	0	0	-3	-3	-3	-2	3	-1	-3	2	-3	2	-3	-13	-16
sub-21560	ses-2	-1	3	3	1	-3	3	3	2	3	3	3	-2	0	2	-3	3	2	3	2	14	11	25
sub-21567	ses-1	-1	0	1	1	-2	2	0	0	0	0	0	0	1	-1	-1	1	1	0	2	1	1	2
sub-21568	ses-1	1	2	1	3	1	2	0	0	0	-1	0	0	0	0	-2	0	0	0	2	10	-3	7
sub-21580	ses-1	-3	-2	3	-1	-3	-3	-3	-3	-3	3	3	-3	3	3	2	3	3	2	2	-18	19	1
sub-21580	ses-2	-3	-3	3	0	-2	0	n/a	3	3	-2	3	-3	3	3	0	3	3	-1	2	n/a	9	n/a
sub-21623	ses-1	2	1	2	0	-1	-2	1	0	1	-3	1	2	-2	-2	-3	-1	0	0	2	4	-8	-4
sub-21623	ses-2	-1	-1	2	-2	1	2	-1	-2	-1	-3	2	3	1	-2	3	3	1	2	2	-3	10	7
sub-21712	ses-1	1	2	2	2	0	0	1	0	1	2	1	1	0	0	0	0	1	0	2	9	5	14
sub-21712	ses-2	-1	2	2	2	1	0	-1	0	-1	0	1	0	-2	-1	0	-1	0	-1	2	4	-4	0
sub-21713	ses-1	1	-1	1	2	2	0	-2	1	2	0	1	3	-2	-2	-1	0	0	0	2	6	-1	5
sub-21713	ses-2	0	1	1	0	0	0	-1	0	-1	0	0	0	0	0	0	0	0	0	2	0	0	0
sub-21738	ses-1	1	2	2	3	3	2	3	0	3	-2	-1	1	-1	-1	0	-1	-1	-1	2	19	-7	12
sub-21797	ses-1	2	1	2	2	1	1	1	-1	0	0	1	0	0	-1	2	2	1	1	2	9	6	15
sub-21827	ses-1	0	-1	1	0	-1	0	-1	-1	-1	0	0	0	0	-1	0	0	0	0	2	-4	-1	-5
sub-21855	ses-1	0	0	-1	1	2	3	0	0	0	0	1	2	1	1	-1	2	0	1	2	5	7	12
sub-21855	ses-2	2	-3	-2	-1	-1	2	-2	0	0	-2	-2	-1	2	1	0	0	0	0	2	-5	-2	-7
sub-21856	ses-1	0	-1	0	-1	-1	0	-1	0	0	-2	0	0	0	1	0	0	0	0	2	-4	-1	-5
sub-22045	ses-1	-3	1	3	1	0	-3	3	-3	0	3	3	0	0	1	0	-3	2	3	2	-1	9	8
sub-22045	ses-2	-1	3	2	2	1	2	3	-2	1	2	3	3	2	3	3	3	3	2	2	11	24	35
sub-22064	ses-1	0	0	2	2	2	2	3	0	2	-3	2	3	2	0	-1	-1	2	2	2	13	6	19
sub-22064	ses-2	1	0	0	1	0	1	-1	-2	-2	-3	-2	2	1	0	-1	0	0	0	2	-2	-3	-5
sub-22169	ses-1	-1	0	0	1	0	0	0	0	0	0	0	0	0	0	0	0	0	0	2	0	0	0
sub-22473	ses-1	1	1	0	2	0	0	0	-1	-1	-2	0	0	-2	-1	-1	0	0	0	2	2	-6	-4
sub-22473	ses-2	2	1	0	1	0	2	1	-2	0	0	0	0	-1	-1	-1	1	0	0	2	5	-2	3
sub-22510	ses-1	0	0	2	1	-1	1	0	0	-1	0	2	0	0	1	0	0	0	0	2	2	3	5
sub-22510	ses-2	0	0	0	-2	-2	-1	0	0	0	0	2	2	2	2	-1	1	2	1	2	-5	11	6
sub-22520	ses-1	-3	0	2	2	n/a	1	2	1	2	1	-2	1	0	0	1	-2	1	-2	2	n/a	-2	n/a
sub-22617	ses-1	1	1	0	0	0	0	0	1	0	0	0	0	1	1	1	0	1	1	2	3	5	8
sub-22617	ses-2	1	1	0	0	0	1	0	1	-1	0	1	1	2	2	2	2	2	0	2	3	12	15
sub-22618	ses-1	0	1	-1	1	0	1	0	0	0	0	1	0	0	0	0	1	0	0	2	2	2	4
sub-22618	ses-2	1	2	0	3	3	2	2	-3	1	2	2	2	0	0	1	0	0	0	2	11	7	18
sub-22653	ses-1	0	0	-1	0	-1	0	-1	0	1	3	2	3	-2	0	-1	3	2	0	2	-2	10	8
sub-22653	ses-2	0	-1	0	-1	-1	0	0	0	1	1	0	0	-1	-1	-1	1	0	-1	2	-2	-2	-4
sub-22654	ses-1	1	1	2	3	2	2	1	0	0	-1	1	1	2	2	2	2	2	2	2	12	13	25
sub-22654	ses-2	1	2	3	2	3	2	2	3	3	2	2	2	2	1	0	2	2	0	2	21	13	34
sub-22670	ses-1	0	-3	-2	3	3	-3	-3	-3	3	-3	3	0	-3	2	0	-2	-3	-3	2	-5	-9	-14
sub-22744	ses-1	0	0	1	1	2	2	0	0	0	-2	0	0	1	0	0	0	0	1	2	6	0	6
sub-22745	ses-1	0	-1	0	-2	-2	-1	-2	-3	1	-1	-1	2	-1	0	-3	0	1	-1	2	-10	-4	-14
sub-22797	ses-1	2	0	0	1	1	1	-1	0	-1	0	0	0	0	0	0	0	0	1	2	3	1	4
sub-22798	ses-1	1	-1	2	-1	0	0	-2	-2	0	-2	0	0	0	-2	1	0	0	1	2	-3	-2	-5
sub-22870	ses-1	0	2	2	2	2	0	0	0	2	0	2	2	0	0	0	-2	0	0	2	10	2	12
sub-23113	ses-1	0	2	-1	0	-1	-3	0	-1	3	-2	1	1	0	1	0	-1	2	-2	2	-1	0	-1
sub-23303	ses-1	0	-2	-1	1	-2	0	-3	-2	-3	0	0	-1	-3	0	-3	-2	1	-2	2	-12	-10	-22
sub-23582	ses-1	-1	-1	0	2	2	0	-1	2	2	-3	-2	0	0	-1	0	-2	1	-1	2	5	-8	-3
sub-23676	ses-1	-2	-3	-2	-3	-3	-3	-3	-3	-3	-3	-3	-3	-3	-3	-3	-3	-1	-3	2	-25	-25	-50
sub-23698	ses-1	-1	0	0	-1	0	0	0	-1	0	-3	-3	-1	0	1	-3	-3	-2	0	2	-3	-14	-17
