participant_id	session_id	cnb_pcet_valid_code	cnb_pcet_cr	cnb_pcet_rtcr	cnb_pcet_er	cnb_pcet_rter	cnb_pcet_num	cnb_pcet_rt	cnb_pcet_cat	cnb_pcet_cat1_tr	cnb_pcet_cat2_tr	cnb_pcet_cat3_tr	cnb_pcet_acc2	cnb_pcet_cnt_750	cnb_pcet_lrsr
sub-19861	ses-1	V	41	1831	12	3049.5	53	1979	3	20	12	21	3.0943	0	2
sub-19861	ses-2	V	48	1301	12	1996	60	1387	3	11	22	27	3.2	0	3
sub-20124	ses-1	n/a	n/a	n/a	n/a	n/a	n/a	n/a	n/a	n/a	n/a	n/a	n/a	n/a	n/a
sub-20125	ses-1	V	51	2320	20	3089.5	71	2524	3	17	28	26	2.8732	0	3
sub-20139	ses-1	V	37	2014	12	2918	49	2135	3	12	19	18	3.0204	0	2
sub-20139	ses-2	V	45	1362	12	1444.5	57	1372	3	20	23	14	3.1579	1	2
sub-20139	ses-3	V	44	1649.5	18	1857.5	62	1747	3	24	27	11	2.8387	0	4
sub-20141	ses-1	V	38	1973	31	3327	69	2568	3	13	17	39	2.2029	0	2
sub-20149	ses-1	V	38	1958.5	57	1861	95	1900	2	11	36	n/a	1.2	1	5
sub-20149	ses-2	V	38	2477.5	39	2517	77	2517	2	11	18	n/a	1.4805	3	3
sub-20149	ses-3	V	43	2021	33	2908	76	2343	3	13	29	34	2.2632	0	4
sub-20188	ses-1	V	41	1878	34	2897.5	75	2121	3	12	27	36	2.1867	0	4
sub-20188	ses-2	V	41	1902	29	4191	70	2639.5	3	13	19	38	2.3429	0	3
sub-20188	ses-3	V	44	3156	24	3485	68	3311.5	3	11	31	26	2.5882	0	3
sub-20212	ses-1	V	30	1929	11	2449	41	2014	3	12	13	16	2.9268	0	2
sub-20214	ses-1	V	56	1985	37	2595	93	2065	2	25	20	n/a	1.8065	0	4
sub-20214	ses-2	V	58	2042.5	35	1895	93	1952	2	25	20	n/a	1.871	3	4
sub-20214	ses-3	V	58	2042.5	35	1895	93	1952	2	25	20	n/a	1.871	3	4
sub-20236	ses-1	V	33	2293	16	3814.5	49	2646	3	12	13	24	2.6939	0	3
sub-20238	ses-1	V	32	2333.5	18	3677.5	50	2792	3	11	14	25	2.56	0	3
sub-20238	ses-2	S	n/a	n/a	n/a	n/a	n/a	n/a	n/a	n/a	n/a	n/a	n/a	n/a	n/a
sub-20252	ses-1	V	36	1840.5	17	1902	53	1902	3	11	17	25	2.717	0	3
sub-20252	ses-2	V	34	1276.5	11	1399	45	1298	3	10	12	23	3.0222	3	2
sub-20253	ses-1	V	20	2379	28	2342	48	2369	0	n/a	n/a	n/a	0.4167	0	4
sub-20253	ses-2	V	41	2648	32	2974	73	2811	2	11	14	n/a	1.6849	0	3
sub-20253	ses-3	V	41	2648	32	2974	73	2811	2	11	14	n/a	1.6849	0	3
sub-20258	ses-1	n/a	n/a	n/a	n/a	n/a	n/a	n/a	n/a	n/a	n/a	n/a	n/a	n/a	n/a
sub-20258	ses-2	V	33	4238	46	5578	79	5173	2	10	21	n/a	1.2532	0	3
sub-20259	ses-1	V	35	2163	17	3862	52	2476.5	3	12	18	22	2.6923	0	3
sub-20259	ses-2	V	40	1529	11	4521	51	1675	3	20	12	19	3.1373	0	2
sub-20259	ses-3	V	33	1406	14	4334	47	1526	3	10	12	25	2.8085	2	3
sub-20302	ses-1	V	36	1647.5	30	1910	66	1738.5	3	14	13	39	2.1818	0	3
sub-20302	ses-2	V	36	1647.5	30	1910	66	1738.5	3	14	13	39	2.1818	0	3
sub-20303	ses-1	V	48	1512	54	2083	102	1821.5	2	17	37	n/a	1.4118	2	3
sub-20303	ses-2	V	54	1475	32	2489	86	1761.5	3	20	28	38	2.5116	0	3
sub-20303	ses-3	V	36	1212.5	6	2115	42	1265.5	3	20	11	11	3.4286	0	4
sub-20305	ses-1	V	43	1996	30	2787.5	73	2328	2	12	13	n/a	1.7671	0	4
sub-20305	ses-2	V	43	1996	30	2787.5	73	2328	2	12	13	n/a	1.7671	0	4
sub-20310	ses-1	F	64	5040	76	6332	140	5504.5	1	44	n/a	n/a	0.9143	0	3
sub-20310	ses-2	V	57	4044	16	6505.5	73	4986	3	14	38	21	3.1233	0	3
sub-20310	ses-3	V	34	2821	13	5398	47	3179	3	10	12	25	2.8936	0	3
sub-20328	ses-1	V	33	2086	43	5472	76	4349.5	2	11	17	n/a	1.3026	0	3
sub-20328	ses-2	V	27	2000	45	3569	72	2478	2	11	12	n/a	1.125	2	4
sub-20333	ses-1	n/a	n/a	n/a	n/a	n/a	n/a	n/a	n/a	n/a	n/a	n/a	n/a	n/a	n/a
sub-20335	ses-1	V	41	2477	32	3156	73	2788	3	15	19	39	2.2466	0	3
sub-20336	ses-1	V	35	2383	53	2709	88	2644.5	2	21	19	n/a	1.1932	0	3
sub-20347	ses-1	V	28	2605.5	44	3287.5	72	3022	2	11	13	n/a	1.1667	0	3
sub-20350	ses-1	V	30	1449.5	9	1510	39	1510	3	11	13	15	3.0769	0	2
sub-20352	ses-1	V	30	2700	8	3781	38	2787.5	3	11	13	14	3.1579	0	2
sub-20352	ses-2	V	29	4052	19	4721	48	4362.5	0	n/a	n/a	n/a	0.6042	0	2
sub-20399	ses-1	V	15	2817	33	2717	48	2736	0	n/a	n/a	n/a	0.3125	0	2
sub-20399	ses-2	V	37	1678	11	1954	48	1696.5	0	n/a	n/a	n/a	0.7708	1	2
sub-20402	ses-1	V	47	1306	33	1841	80	1335	3	12	40	28	2.35	1	3
sub-20403	ses-1	V	33	1765	31	3937	64	2430.5	3	12	13	39	2.0625	0	2
sub-20410	ses-1	V	18	3149	30	4203.5	48	3923	0	n/a	n/a	n/a	0.375	0	4
sub-20427	ses-1	V	36	2176	19	2536	55	2289	3	17	25	13	2.6182	0	3
sub-20427	ses-2	V	33	2210	40	4277	73	3748	2	12	12	n/a	1.3562	0	3
sub-20448	ses-1	V	56	2276	54	2203	110	2253.5	2	36	26	n/a	1.5273	0	5
sub-20463	ses-1	V	33	1799	13	2687	46	1831.5	3	13	18	15	2.8696	0	2
sub-20463	ses-2	V	38	1844.5	16	1914	54	1863	3	12	19	23	2.8148	1	2
sub-20494	ses-1	V	56	2607	34	3707	90	3060	2	17	25	n/a	1.8667	0	4
sub-20494	ses-2	n/a	n/a	n/a	n/a	n/a	n/a	n/a	n/a	n/a	n/a	n/a	n/a	n/a	n/a
sub-20494	ses-3	V	47	2350	57	2868	104	2436	2	12	44	n/a	1.3558	1	4
sub-20533	ses-1	V	37	2482	24	3604.5	61	2769	3	13	13	35	2.4262	0	4
sub-20533	ses-2	V	33	2025	6	3585.5	39	2273	3	10	14	15	3.3846	0	2
sub-20572	ses-1	V	23	1442	25	1576	48	1469.5	0	n/a	n/a	n/a	0.4792	0	2
sub-20572	ses-2	V	53	2041	26	3247.5	79	2203	3	13	32	34	2.6835	2	4
sub-20612	ses-1	V	29	2168	48	3026.5	77	2688	2	12	17	n/a	1.1299	0	3
sub-20626	ses-1	V	35	2222	23	3461	58	2542	3	12	18	28	2.4138	0	3
sub-20626	ses-2	V	35	2222	23	3461	58	2542	3	12	18	28	2.4138	0	3
sub-20691	ses-1	V	56	2821	33	3814	89	3169	3	26	36	27	2.5169	0	3
sub-20691	ses-2	V	71	1893	39	1922	110	1900.5	2	33	n/a	77	1.9364	5	4
sub-20712	ses-1	V	44	2288	34	1353	78	2004.5	3	10	38	30	2.2564	0	4
sub-20712	ses-2	V	50	1754.5	16	3251	66	1972	3	16	12	38	3.0303	0	3
sub-20712	ses-3	V	56	2194.5	24	3039	80	2327.5	3	10	42	28	2.8	1	3
sub-20721	ses-1	V	64	1908.5	34	1684.5	98	1837	3	13	41	44	2.6122	0	3
sub-20721	ses-2	V	57	1873	13	1885	70	1879	3	19	29	22	3.2571	1	3
sub-20721	ses-3	V	57	1873	13	1885	70	1879	3	19	29	22	3.2571	1	3
sub-20724	ses-1	V	36	1296	27	2158	63	1736	3	18	21	24	2.2857	2	4
sub-20794	ses-1	V	43	2282	31	3722	74	2591.5	3	10	34	30	2.3243	0	4
sub-20812	ses-1	V	41	2042	60	2743.5	101	2388	2	15	38	n/a	1.2178	0	3
sub-20812	ses-3	V	57	1585	42	1802.5	99	1654	2	16	n/a	83	1.7273	2	4
sub-20818	ses-1	n/a	n/a	n/a	n/a	n/a	n/a	n/a	n/a	n/a	n/a	n/a	n/a	n/a	n/a
sub-20818	ses-2	n/a	n/a	n/a	n/a	n/a	n/a	n/a	n/a	n/a	n/a	n/a	n/a	n/a	n/a
sub-20823	ses-1	V	38	2492.5	13	3372	51	3037	3	20	17	14	2.9804	0	2
sub-20823	ses-2	V	42	2998.5	35	4845	77	3826	3	12	20	45	2.1818	0	3
sub-20836	ses-1	V	35	2253	50	4866.5	85	3122	2	20	17	n/a	1.2353	2	3
sub-20836	ses-2	V	52	2879	30	4736.5	82	3520.5	3	10	33	39	2.5366	0	3
sub-20842	ses-1	V	15	2979	33	2978	48	2978.5	0	n/a	n/a	n/a	0.3125	0	3
sub-20846	ses-1	V	32	2226	50	2912.5	82	2861.5	2	12	22	n/a	1.1707	0	3
sub-20849	ses-1	V	28	2031	49	2634	77	2513	2	11	18	n/a	1.0909	0	3
sub-20855	ses-1	V	33	1569	10	2182.5	43	1581	3	10	11	22	3.0698	0	2
sub-20860	ses-1	F	39	1841	51	3361	90	2593	2	10	32	n/a	1.3	0	3
sub-20865	ses-1	V	61	2908	52	3211	113	3050	1	17	n/a	n/a	1.0796	0	3
sub-20865	ses-2	V	28	2655	45	3429	73	3163	2	11	14	n/a	1.1507	0	2
sub-20866	ses-1	V	43	2066	11	3269	54	2170.5	3	22	21	11	3.1852	0	4
sub-20866	ses-2	V	42	1527.5	13	2059	55	1644	3	20	18	17	3.0545	0	3
sub-20902	ses-1	V	35	3053	45	3241	80	3222	2	10	22	n/a	1.3125	0	3
sub-20902	ses-2	V	40	2747	54	3742	94	3333.5	2	16	30	n/a	1.2766	1	3
sub-20902	ses-3	V	40	2747	54	3742	94	3333.5	2	16	30	n/a	1.2766	1	3
sub-20916	ses-1	V	4	1229	44	2250	48	2224.5	0	n/a	n/a	n/a	0.0833	0	3
sub-20916	ses-2	V	54	2107.5	19	2597	73	2214	3	17	30	26	2.9589	0	3
sub-20916	ses-3	V	67	1903	40	3156.5	107	2551	2	25	n/a	82	1.8785	1	4
sub-20918	ses-1	V	31	2688	8	3412.5	39	2711	3	11	13	15	3.1795	0	2
sub-20919	ses-1	V	51	2442	31	3018	82	2572	3	12	37	33	2.4878	0	4
sub-20923	ses-1	V	62	2782.5	46	3272.5	108	2945.5	3	40	24	44	2.2963	0	5
sub-20923	ses-2	V	68	2512.5	40	2474	108	2492.5	1	12	n/a	n/a	1.2593	5	3
sub-20934	ses-1	V	39	3433	40	3876.5	79	3705	2	13	18	n/a	1.481	0	3
sub-20936	ses-1	V	33	2156	38	2560.5	71	2356	3	10	22	39	1.8592	0	2
sub-20936	ses-2	V	49	2155	24	2213	73	2193	3	18	29	26	2.6849	3	3
sub-20936	ses-3	V	30	2138	5	1936	35	2121	3	10	11	14	3.4286	0	2
sub-20953	ses-1	V	42	2655	27	3145	69	2687	3	11	28	30	2.4348	0	4
sub-20953	ses-2	V	34	2766	7	3819	41	2979	3	11	17	13	3.3171	0	3
sub-20961	ses-1	V	33	2217	15	3783	48	2686.5	0	n/a	n/a	n/a	0.6875	1	3
sub-20961	ses-2	V	41	2285	45	2331	86	2317	2	13	25	n/a	1.4302	0	4
sub-20964	ses-1	V	49	2049	19	2394	68	2217	3	16	29	23	2.8824	0	3
sub-20966	ses-1	V	31	3732	9	3760	40	3746	3	10	16	14	3.1	0	2
sub-20966	ses-2	V	34	3027.5	21	3580	55	3098	3	12	11	32	2.4727	0	4
sub-20966	ses-3	V	34	3027.5	21	3580	55	3098	3	12	11	32	2.4727	0	4
sub-20968	ses-1	V	58	1906	52	2359.5	110	2174	2	28	n/a	82	1.5818	0	4
sub-20968	ses-2	V	63	1761	44	1983	107	1804	2	17	42	n/a	1.7664	0	3
sub-20968	ses-3	V	54	2325.5	52	2621	106	2464.5	2	16	42	n/a	1.5283	0	3
sub-20976	ses-1	V	37	2052	26	2967	63	2309	3	12	19	32	2.3492	0	4
sub-20976	ses-2	V	30	1816.5	7	2016	37	1873	3	10	12	15	3.2432	0	2
sub-20976	ses-3	V	30	1816.5	7	2016	37	1873	3	10	12	15	3.2432	0	2
sub-20983	ses-1	V	35	2357	73	2004	108	2079	2	22	38	n/a	0.9722	0	4
sub-20983	ses-2	V	35	2357	73	2004	108	2079	2	22	38	n/a	0.9722	0	4
sub-21023	ses-1	V	43	2003	14	2256.5	57	2017	3	20	23	14	3.0175	0	2
sub-21023	ses-2	V	34	1863	13	2143	47	1888	3	10	14	23	2.8936	0	3
sub-21035	ses-1	C	22	3090.5	26	3853.5	48	3753.5	0	n/a	n/a	n/a	0.4583	0	2
sub-21035	ses-2	V	53	2320	56	2426.5	109	2405	1	13	n/a	n/a	0.9725	1	4
sub-21035	ses-3	V	34	4391.5	9	5523	43	4501	3	11	18	14	3.1628	0	3
sub-21038	ses-1	V	32	2002	15	3295	47	2458	3	10	16	21	2.7234	0	4
sub-21038	ses-2	V	42	2083.5	30	3455.5	72	2591.5	2	12	12	n/a	1.75	0	3
sub-21050	ses-1	V	42	2569	25	2005	67	2196	3	10	28	29	2.5075	0	3
sub-21088	ses-1	V	62	2275	46	2143	108	2210	3	44	30	34	2.2963	0	4
sub-21095	ses-1	V	54	2460.5	48	3297.5	102	2941	2	14	40	n/a	1.5882	0	4
sub-21104	ses-1	V	60	2522	50	3154	110	2783	3	22	42	46	2.1818	0	4
sub-21104	ses-2	V	37	2804	11	2910	48	2811.5	3	10	12	26	3.0833	0	3
sub-21112	ses-1	V	43	2459	45	3077	88	2593	3	29	25	34	1.9545	0	4
sub-21112	ses-2	V	43	2459	45	3077	88	2593	3	29	25	34	1.9545	0	4
sub-21116	ses-1	V	36	3065.5	30	3757.5	66	3074	3	11	25	30	2.1818	0	4
sub-21118	ses-1	V	38	1796	29	3049	67	2115	3	12	26	29	2.2687	0	5
sub-21118	ses-2	V	46	1972	24	2444	70	2048	3	11	32	27	2.6286	0	3
sub-21124	ses-1	V	37	2294	31	3981	68	2957	3	12	18	38	2.1765	0	3
sub-21131	ses-1	V	18	2086.5	30	2620.5	48	2410	0	n/a	n/a	n/a	0.375	0	2
sub-21139	ses-1	VC	20	3133	28	2156.5	48	2424	0	n/a	n/a	n/a	0.4167	5	5
sub-21139	ses-2	S	n/a	n/a	n/a	n/a	n/a	n/a	n/a	n/a	n/a	n/a	n/a	n/a	n/a
sub-21141	ses-1	V	43	2651	28	2789	71	2689	3	19	38	14	2.4225	0	3
sub-21141	ses-2	V	40	1872.5	10	2709.5	50	1908	3	10	25	15	3.2	0	4
sub-21146	ses-1	V	27	1940	52	2389	79	2233	2	17	14	n/a	1.0253	0	5
sub-21150	ses-1	V	26	1420	46	1951	72	1806.5	2	12	12	n/a	1.0833	0	3
sub-21154	ses-1	V	43	2440	43	2448	86	2444	2	11	27	n/a	1.5	0	3
sub-21154	ses-2	V	35	2667	39	2492	74	2601.5	2	12	14	n/a	1.4189	0	2
sub-21161	ses-2	V	68	2294	50	3394	118	2620.5	1	22	n/a	n/a	1.1525	1	3
sub-21161	ses-3	V	39	2651	50	2515	89	2573	2	13	28	n/a	1.3146	1	3
sub-21193	ses-1	V	39	2176	46	3250	85	2707	2	12	25	n/a	1.3765	0	4
sub-21193	ses-2	V	39	2176	46	3250	85	2707	2	12	25	n/a	1.3765	0	4
sub-21197	ses-1	V	32	3005	62	4215.5	94	3708.5	2	12	34	n/a	1.0213	1	3
sub-21224	ses-1	V	30	1535.5	8	2015.5	38	1594	3	11	14	13	3.1579	0	3
sub-21325	ses-1	VC	44	2929.5	22	3360.5	66	3016	3	11	25	30	2.6667	0	4
sub-21325	ses-2	VC	44	2929.5	22	3360.5	66	3016	3	11	25	30	2.6667	0	4
sub-21345	ses-1	V	28	2061	42	2667	70	2460	2	10	12	n/a	1.2	0	3
sub-21432	ses-1	VC	38	2143	14	3364.5	52	2263.5	3	16	21	15	2.9231	0	2
sub-21493	ses-1	V	28	3494.5	48	4737	76	4082.5	2	10	18	n/a	1.1053	1	3
sub-21493	ses-2	V	28	3494.5	48	4737	76	4082.5	2	10	18	n/a	1.1053	1	3
sub-21514	ses-1	V	48	2358.5	32	2727.5	80	2393.5	3	11	23	46	2.4	0	4
sub-21516	ses-1	V	39	2537	49	4201	88	3191	2	13	27	n/a	1.3295	0	3
sub-21516	ses-2	V	41	1980	23	4538	64	2401	3	10	19	35	2.5625	0	4
sub-21539	ses-1	V	39	2155	12	2235	51	2155	3	12	12	27	3.0588	0	3
sub-21553	ses-1	V	44	2351.5	38	2675	82	2633.5	2	14	20	n/a	1.6098	0	3
sub-21553	ses-2	V	56	2437.5	42	2439	98	2437.5	2	11	n/a	87	1.7143	2	4
sub-21554	ses-1	VC	24	2260.5	24	4668.5	48	2753	0	n/a	n/a	n/a	0.5	0	3
sub-21554	ses-2	V	29	2937	52	4033	81	3617	2	11	22	n/a	1.0741	0	3
sub-21560	ses-1	V	50	2185.5	34	2723	84	2343.5	2	11	25	n/a	1.7857	0	4
sub-21560	ses-2	V	39	1579	23	2302	62	1676	3	11	12	39	2.5161	1	3
sub-21567	ses-1	VC	38	2708	37	2857	75	2808	2	11	16	n/a	1.52	0	3
sub-21568	ses-1	VC	31	1856	9	2166	40	1903.5	3	12	12	16	3.1	0	2
sub-21580	ses-1	VC	19	2772	29	2891	48	2842.5	0	n/a	n/a	n/a	0.3958	0	4
sub-21580	ses-2	VC	19	2772	29	2891	48	2842.5	0	n/a	n/a	n/a	0.3958	0	4
sub-21623	ses-1	V	42	1902.5	12	1788.5	54	1902.5	3	13	25	16	3.1111	0	4
sub-21623	ses-2	V	40	1372.5	9	2024	49	1413	3	22	16	11	3.2653	0	4
sub-21712	ses-1	V	34	2286.5	51	2566	85	2349	2	16	21	n/a	1.2	4	4
sub-21712	ses-2	V	77	1504	39	1544	116	1523	2	22	n/a	94	1.9914	6	3
sub-21713	ses-1	n/a	n/a	n/a	n/a	n/a	n/a	n/a	n/a	n/a	n/a	n/a	n/a	n/a	n/a
sub-21713	ses-2	V	36	1511	29	2146	65	1867	3	11	12	42	2.2154	0	3
sub-21738	ses-1	V	44	1975.5	19	2603	63	2045	3	23	23	17	2.7937	0	2
sub-21797	ses-1	VC	36	1647.5	29	3094	65	2182	3	12	17	36	2.2154	0	4
sub-21827	ses-1	V	42	1758	15	2577	57	1808	3	10	21	26	2.9474	0	3
sub-21855	ses-1	V	38	1937	37	2865	75	2636	2	12	15	n/a	1.52	0	2
sub-21855	ses-2	V	37	1576	25	1583	62	1579.5	3	11	29	22	2.3871	0	3
sub-21856	ses-1	V	59	2697	31	5875	90	3614	3	11	45	34	2.6222	0	4
sub-22045	ses-1	VC	30	2271	10	2474	40	2302	3	11	12	17	3	0	3
sub-22045	ses-2	V	43	2042	11	2527	54	2184	3	11	27	16	3.1852	0	3
sub-22064	ses-1	V	37	1893	40	2749	77	2013	2	12	17	n/a	1.4416	0	2
sub-22064	ses-2	V	41	1766	20	3118.5	61	2183	3	11	20	30	2.6885	0	4
sub-22169	ses-1	n/a	n/a	n/a	n/a	n/a	n/a	n/a	n/a	n/a	n/a	n/a	n/a	n/a	n/a
sub-22473	ses-1	V	48	1781.5	38	3075.5	86	2573	3	13	29	44	2.2326	0	3
sub-22473	ses-2	n/a	36	1502.5	10	2057.5	46	1585.5	3	14	18	14	3.1304	0	2
sub-22510	ses-1	V	40	2376.5	14	4263	54	2539.5	3	12	21	21	2.963	0	2
sub-22520	ses-1	V	25	2115	23	3261	48	2789	0	n/a	n/a	n/a	0.5208	0	2
sub-22617	ses-1	V	32	1640	8	2033.5	40	1657	3	11	14	15	3.2	0	2
sub-22618	ses-1	V	61	2197	38	3016	99	2502	2	16	n/a	83	1.8485	9	4
sub-22653	ses-1	n/a	n/a	n/a	n/a	n/a	n/a	n/a	n/a	n/a	n/a	n/a	n/a	n/a	n/a
sub-22653	ses-2	V	67	1666	40	1916	107	1690	2	12	n/a	95	1.8785	0	4
sub-22654	ses-1	V	35	2077	50	2733	85	2465	2	12	25	n/a	1.2353	0	4
sub-22654	ses-2	n/a	45	1341	11	1464	56	1342	3	10	19	27	3.2143	0	3
sub-22670	ses-1	C	24	2001.5	24	2107	48	2030	0	n/a	n/a	n/a	0.5	0	3
sub-22744	ses-1	V	30	1441	5	1864	35	1441	3	12	11	12	3.4286	0	4
sub-22745	ses-1	V	34	1832	55	2932	89	2365	2	12	29	n/a	1.1461	0	3
sub-22797	ses-1	V	52	1773	21	2857	73	1954	3	13	27	33	2.8493	0	4
sub-22798	ses-1	V	53	2277	16	3173	69	2565	3	21	31	17	3.0725	1	3
sub-22870	ses-1	V	60	2022	39	2917	99	2577	2	34	17	n/a	1.8182	0	3
sub-23113	ses-1	V	27	2072	53	2725	80	2364.5	2	11	21	n/a	1.0125	0	3
sub-23303	ses-1	V	40	2661	45	2936	85	2840	2	10	27	n/a	1.4118	0	3
sub-23676	ses-1	n/a	n/a	n/a	n/a	n/a	n/a	n/a	n/a	n/a	n/a	n/a	n/a	n/a	n/a
sub-23698	ses-1	n/a	n/a	n/a	n/a	n/a	n/a	n/a	n/a	n/a	n/a	n/a	n/a	n/a	n/a
sub-138950	ses-1	V	45	2337	33	2911	78	2519.5	2	10	20	n/a	1.7308	0	3
sub-138950	ses-2	V	50	3145	16	3583	66	3357	3	11	33	22	3.0303	0	3
