column	one_hot_group	is_missingness_indicator	pearson_r	pearson_p	spearman_r	spearman_p
cnb_pvrt_cr		False	0.5559856113378632	5.267076264157549e-19	0.5662072512945346	8.555298484621712e-20
cnb_edisc_rt		False	-0.5455421696448894	3.166200481867608e-18	-0.5552201330461592	6.019988783937266e-19
cnb_pvrt_rtcr		False	-0.48748059179043335	2.362827361680001e-14	-0.5428572028078542	4.9711618843513645e-18
cnb_pmat_cr		False	0.48672359864237474	2.625563957974572e-14	0.4737572090599738	1.5356731940170984e-13
cnb_plot_cr		False	0.4479107832034176	4.189123735791912e-12	0.44145609437519046	9.167095798125946e-12
cnb_er40_cr		False	0.42559684732935854	5.862059714338251e-11	0.27664539707540686	3.586093085700794e-05
cnb_mpract_mp2rtcr		False	-0.42131198402466613	9.520916341428697e-11	-0.31804309640350653	1.7288935091329841e-06
cnb_mpract_mp2		False	0.3977487773792441	1.2169422652531683e-09	0.18488016276846247	0.006308297224477231
cnb_adt_cr		False	0.38886890568293225	3.02239945622735e-09	0.39241944793956	2.1075870360912666e-09
cnb_cpf_cr		False	0.381855578670442	6.084070388531427e-09	0.40011924493332074	9.501919424127983e-10
cnb_medf_cr		False	0.37453018965526774	1.2416214771753308e-08	0.37060254858553127	1.8069934542640045e-08
cnb_cpw_rtcr		False	-0.3745179893688815	1.2430792096703497e-08	-0.4203315804052941	1.0628122910976787e-10
cnb_cpw_cr		False	0.35248842330047386	9.570148224293717e-08	0.33483238612395083	4.407903592541435e-07
cnb_er40_rtcr		False	-0.35230788318477235	9.725450969951795e-08	-0.4650798863692959	4.806896354847034e-13
rpas_total_score		False	-0.34887572038783615	1.3182134692406023e-07	-0.28736966353018667	1.7094138211277685e-05
cnb_medf_rtcr		False	-0.3446019086486667	1.9154190973057896e-07	-0.3074802703132397	3.919320772645164e-06
cnb_volt_cr		False	0.3243694330932718	1.0430103424088599e-06	0.31009127776928014	3.210836093080468e-06
im_average		False	0.29290195876957814	1.152529766710981e-05	0.2422801921550568	0.00031551814308167133
race_Black or African American	race	False	-0.2760513946737763	3.733014567078996e-05	-0.3268967118646051	8.495884551046926e-07
eswan_adhd_inattention_total		False	0.27429073469714793	4.2025444749044266e-05	0.2137811666052413	0.0015364670482968456
cnb_adt_rtcr		False	-0.27370920611201033	4.369477818067516e-05	-0.27821842083537607	3.2229126450900795e-05
prime_total_score		False	-0.23985961590952418	0.0003636741270607629	-0.24248799471090435	0.0003116732320792249
cnb_ddisc_rt		False	-0.22701435556657007	0.0007546652324360065	-0.1633401321283184	0.01602039180807517
bas_rr_was_missing		True	-0.2191480421416968	0.0011573232870487043	-0.24524964401946045	0.000264543216390163
em_average		False	0.21906641807983251	0.0011623806036617102	0.19291513752772893	0.0043411523990650215
em_average_was_missing		True	-0.21074917139789245	0.0017978862683676897	-0.2572748611634112	0.0001267325104009983
cnb_ctap_dom		False	0.19238434543813565	0.004451640214519405	0.3132451923859641	2.5171734189353532e-06
sex_M	sex	False	-0.1896568798108675	0.005060284751386335	-0.19011083597928086	0.004954067060349186
sex_F	sex	False	0.18965687981086748	0.005060284751386335	0.19011083597928086	0.004954067060349186
bas_rr		False	-0.17938174526435519	0.008079835072902546	-0.12885467164348569	0.05808014685367464
cnb_rdisc_rt		False	-0.17868826845096897	0.008332104882940417	-0.15241957338486498	0.024739359084752745
race_More than one race	race	False	0.17420178908645884	0.010139958699456548	0.1804232317384715	0.007713717399237524
mapssr_recvoc_total		False	0.17137209531984737	0.011451119777558257	0.12050666761518761	0.07649718639948852
asrm_total_score		False	-0.16893577385618952	0.012697442939334756	-0.17400098820824705	0.010228422330135848
ari_total_score		False	-0.16519101542651743	0.014845720772138036	-0.15208500437867334	0.02506098767576897
race_Asian	race	False	0.16333892538954436	0.01602118340381046	0.18416182060069372	0.0065180775431879934
cnb_cpf_rtcr		False	-0.1625954402377599	0.01651543284087299	-0.1754711546314207	0.009596226492612719
im_average_was_missing		True	-0.15439935645756175	0.022907900707813553	-0.18630919664807766	0.005908827465853977
tanner_mean_stage_was_missing		True	-0.15430578612759854	0.022991750904589648	-0.1448507603670932	0.03294757962511791
cnb_ddisc_tot		False	0.15053862074026042	0.026594678496088164	0.2047589326050493	0.002437079013453842
tanner_mean_stage		False	0.14987445263497473	0.027277709967035088	0.1834562141130055	0.006730182334011236
mapssr_social_total		False	0.14984525997838738	0.027308073471753253	0.13140037818922223	0.0532537449371192
race_White	race	False	0.14682780477830887	0.030606762330790304	0.1925436876387258	0.00441820924042288
cnb_ctap_non		False	0.13612085902567447	0.0451841135222993	0.19146678304952064	0.004648617979474955
dx_adhd		False	-0.12205207959613441	0.07277023000786581	-0.12078993316464934	0.07580272074386538
mapssr_recvoc_total_was_missing		True	-0.11403727673362128	0.09380830121199324	-0.14402062798278342	0.033974892419353565
eswan_adhd_inattention_total_was_missing		True	-0.11284465306633994	0.09731654345046879	-0.11731751641619453	0.0846767410033358
dx_bp		False	0.10209407666845964	0.13382866407569322	0.10723031180026556	0.11525127486411352
cnb_ctap_dom_was_missing		True	0.10016451891149258	0.14137375642065894	0.06561586177292439	0.3360312631244292
cnb_ctap_non_was_missing		True	0.10016451891149258	0.14137375642065894	0.06561586177292439	0.3360312631244292
cnb_mpract_mp2_was_missing		True	0.09878529106028405	0.14696283292059364	0.07017482586724016	0.30346165234782757
cnb_mpract_mp2rtcr_was_missing		True	0.09878529106028405	0.14696283292059364	0.07017482586724016	0.30346165234782757
dx_mdd		False	0.09391658253064289	0.16803788676204726	0.09977087898238929	0.14295210934531358
cnb_er40_rtcr_was_missing		True	0.09039757039693483	0.18461918014092857	0.057291338586610854	0.40103752001909965
cnb_er40_cr_was_missing		True	0.09039757039693483	0.18461918014092857	0.057291338586610854	0.40103752001909965
ari_total_score_was_missing		True	-0.08936552698825301	0.18970287056959872	-0.1159451493303177	0.08840628253614963
study_group_TD/NC	study_group	False	0.07614842941567886	0.26404561586224445	0.09671378837933924	0.15567030581193889
race_Unknown or not reported	race	False	-0.06952520432107429	0.3079708165417533	-0.09623040330167865	0.15775704548789712
dx_prodromal_remit		False	-0.0694381014240462	0.30857874661945334	-0.08037877162295382	0.2383490629357639
cnb_medf_cr_was_missing		True	0.0669796696386304	0.3260620345351905	0.0378952704982635	0.5787527423460237
cnb_medf_rtcr_was_missing		True	0.0669796696386304	0.3260620345351905	0.0378952704982635	0.5787527423460237
ethnicity_was_missing	ethnicity	True	0.06601209954737348	0.3331149523869781	0.08255117085600662	0.22585733185875062
prime_total_score_was_missing		True	0.06484167030994803	0.341776241806278	0.052483272858214504	0.44177942839933904
cnb_pvrt_rtcr_was_missing		True	0.06415942284027241	0.3468903508103781	0.036218488617809366	0.5956791659581333
cnb_pvrt_cr_was_missing		True	0.06415942284027241	0.3468903508103781	0.036218488617809366	0.5956791659581333
mapssr_social_total_was_missing		True	-0.05393340225636566	0.4292501585223531	-0.0716453517088284	0.29341612282882307
cnb_pmat_cr_was_missing		True	0.05389259592427989	0.42959990105566326	0.027261080176250386	0.6896459293510064
dx_ptsd		False	-0.053627377680377494	0.4318770341757746	-0.08736765820471401	0.1998337062709485
cnb_cpf_rtcr_was_missing		True	0.05309803147769444	0.43644264165110586	0.03252956848081026	0.6336833362270329
cnb_cpf_cr_was_missing		True	0.05309803147769444	0.43644264165110586	0.03252956848081026	0.6336833362270329
cnb_adt_cr_was_missing		True	0.052565893010038986	0.4410600432842426	0.02665106021701097	0.6962433864077344
cnb_adt_rtcr_was_missing		True	0.052565893010038986	0.4410600432842426	0.02665106021701097	0.6962433864077344
study_group_ADHD	study_group	False	-0.04389149032236919	0.5201347442692524	-0.05543834619487296	0.4164668166107123
asrm_total_score_was_missing		True	0.040289903358317766	0.5549766805660509	0.0235735066702039	0.7298675177967975
dx_moodnos		False	0.035883468090196234	0.599087744909928	0.000821331192762423	0.9904024094925973
cnb_volt_cr_was_missing		True	0.03360357719880133	0.6225131924305805	0.007830310263391068	0.908696216684868
study_group_PRO/CHR	study_group	False	-0.03224779694690669	0.6366277968046349	-0.04120786651155534	0.5459897193253298
cnb_plot_cr_was_missing		True	-0.029215768613690733	0.6686650907858066	-0.03548433109304377	0.6031600779921535
dx_prodromal		False	-0.023323148240861784	0.7326266890008017	-0.01690439585123263	0.8044464281751709
ethnicity_Non - Hispanic	ethnicity	False	0.022855983974154455	0.7377844137473868	0.039631850311711216	0.5614629647756914
ethnicity_Hispanic	ethnicity	False	-0.02285598397415445	0.7377844137473868	-0.039631850311711216	0.5614629647756914
cnb_rdisc_rt_was_missing		True	0.02270473656017267	0.7394567882026981	0.013230866926411858	0.8463437443439497
cnb_edisc_rt_was_missing		True	0.02270473656017267	0.7394567882026981	0.013230866926411858	0.8463437443439497
cnb_ddisc_rt_was_missing		True	0.02270473656017267	0.7394567882026981	0.013230866926411858	0.8463437443439497
cnb_ddisc_tot_was_missing		True	0.02270473656017267	0.7394567882026981	0.013230866926411858	0.8463437443439497
cnb_cpw_cr_was_missing		True	-0.02057366913152487	0.7631472067109237	-0.049553648629999524	0.46771553954493117
cnb_cpw_rtcr_was_missing		True	-0.02057366913152487	0.7631472067109237	-0.049553648629999524	0.46771553954493117
dx_ptsd_remit		False	0.019208369220147452	0.7784430097938784	0.01629299424789604	0.8113844308439486
dx_psychosis		False	-0.017405462692570352	0.7987718266473242	-0.046729010919267885	0.49349554626090963
dx_none		False	0.016324446900135167	0.8110271514326418	0.02411638391487938	0.7238964881876042
rpas_total_score_was_missing		True	-0.0019094884995534758	0.9776892004009151	-0.02333825483388407	0.7324601032646655
