subject,session,vector
sub-20124,ses-1,"[0.008292981317,0.0008431197673,0.001790275359,0.04623635931,0.2426203206,0.2788980047,0.004023216612,0.0002708293448,0.001293256816,0.004992038551,0.004356803653,0.003471845422,0.003112856456,0.009272262873,0.004516499577,0.001127770748,0.003715591832,0.00181138137,0.002455581653,0.001307638788,0.001304276769,0.002307466018,0.003565234851,0.001046708723,0.001027096943,0.002432047517,0.001168862096,0.001194637579,0.003904425258,0.004867083495,0.004286574803,0.000641585379,0.003551599994,0.0007250755287,0.002934482646,0.002908146827,0.00764952815,0.006948920652,0.0116830176,0.004242494992,0.001743020308,0.001239277726,0.002579229257,0.01310608572,0.0008677745766,0.001037556559,0.018127075,0.008397951036,0.002907399711,0.002255915053,0.00205680879,0.0003856983428,0.0004219334414,0.0007007942771,0.001499834234,0.002462679249,0.00117652003,0.002874153075,0.006412678549,0.00449800847,0.001233487582,0.0004732976274,0.002809154032,0.001165686856,0.002185872981,0.001344060666,0.001676340255,0.0006273901857,0.004295913746,0.009891621567,0.008470794791,0.007519903622,0.001787473676,0.002795892733,0.000772143801,0.001392623169,0.001350784705,0.0009310926096,0.007557259394,0.003902183912]"
sub-20125,ses-1,"[0.008871806425,0.001486991851,0.001664042983,0.04050288225,0.2085412793,0.223660733,0.001982022062,0.0001606531072,0.001181846009,0.00495838229,0.006476031317,0.00178239394,0.002442592656,0.01066727125,0.00203169144,0.001995330603,0.007419987148,0.001522402078,0.003698823905,0.001391930841,0.001176380001,0.0026396066,0.002836382891,0.001402625205,0.001464652514,0.001860581621,0.0009743753541,0.0007930464772,0.002684522927,0.007713250364,0.00526614231,0.0008648175399,0.005362866888,0.0006668529862,0.005060810528,0.002853493872,0.007362712889,0.01193158269,0.008651740187,0.005937985999,0.002115820434,0.001618889003,0.005071267239,0.008679545532,0.0007925711722,0.001194441593,0.01510305564,0.0117723555,0.001890288187,0.001346776861,0.001630533977,0.0005546809943,0.0006114799478,0.001358184183,0.001709672268,0.002838046458,0.002715655408,0.003414353832,0.01005389009,0.005317237603,0.002189255064,0.001027847172,0.002830916882,0.001467741997,0.001596074361,0.0007854415964,0.001910963957,0.0004859994144,0.006903330558,0.01049259665,0.01432165414,0.01433710155,0.001429717593,0.001854877961,0.0007514572853,0.0008294073136,0.002638418337,0.001067535144,0.01173409344,0.005200074908]"
sub-20141,ses-1,"[0.007928775914,0.002378837445,0.001298359616,0.04529466512,0.2466689764,0.268810678,0.003118072578,0.0002318366411,0.001272124491,0.00515659765,0.005542868009,0.002763247157,0.00388447316,0.007700288438,0.002580717667,0.001360877362,0.003619516998,0.001743426426,0.002826137032,0.001761102575,0.001591039421,0.002005777682,0.003965225248,0.001064476263,0.001074523758,0.003081045699,0.0006737403511,0.001004005229,0.002208216097,0.005945512063,0.00353206658,0.0006125250583,0.002995269863,0.0008689222424,0.003109141471,0.00243223802,0.007461381337,0.00628991786,0.01111494818,0.005358663936,0.002108113278,0.001479958783,0.002533643292,0.01184115878,0.000896459821,0.001115085867,0.02123612469,0.009580472433,0.00197340242,0.001988845792,0.001930607535,0.0006264799123,0.0006168045468,0.001085687641,0.002394094752,0.002312226276,0.001620437647,0.002385907905,0.005991656114,0.005656925682,0.001264867967,0.0005328893581,0.00562845778,0.001356039679,0.001444606486,0.001168486442,0.001199001056,0.0005291680637,0.004669666278,0.008156705196,0.007043479976,0.00903790771,0.001174254448,0.002632071529,0.0009308817942,0.001865298818,0.002142535251,0.001692072564,0.007161631073,0.00396057363]"
sub-20212,ses-1,"[0.01269245653,0.001434469036,0.001327678925,0.04078478345,0.2521448409,0.2767166092,0.003237514596,0.0002271382125,0.001636332473,0.0050459164,0.006453269451,0.002265523734,0.002834457252,0.0100138325,0.002497013894,0.002071025131,0.003881268144,0.001079450503,0.004633820394,0.001976119187,0.002175471885,0.001481001403,0.003262789371,0.001250850304,0.001858783972,0.003908049363,0.0006343801219,0.0008695527001,0.002739551307,0.006384307813,0.004637168047,0.0005947104415,0.002948110049,0.0006176418601,0.002884169889,0.002591585073,0.00983038115,0.006524741829,0.007766051324,0.006240358761,0.002423532925,0.001919209097,0.002331639868,0.01148378665,0.000919097955,0.001061875328,0.01457166119,0.00792824508,0.002275901456,0.002004908997,0.001756847958,0.0007133847176,0.0003145119391,0.000987892211,0.00207989641,0.003075990369,0.0009182610419,0.002421356951,0.007659595979,0.007558831643,0.001094347556,0.0009713213318,0.004163140473,0.001046978275,0.001609551254,0.001261060643,0.001186742761,0.0007045134388,0.002522623435,0.007157615507,0.008168439137,0.008587732595,0.001663113692,0.003458292269,0.001263571383,0.001810912543,0.001456730924,0.0008345697329,0.006164869201,0.004109745418]"
sub-20236,ses-1,"[0.01326124429,0.001176726331,0.001234573802,0.03410759399,0.255202111,0.2965933773,0.003096899788,0.0002060095117,0.001305605881,0.004969443845,0.004936976746,0.00313052054,0.004561380204,0.01159784109,0.003195949161,0.001043891398,0.00468993014,0.002138213924,0.006096892701,0.001794919674,0.001454427153,0.002588468313,0.004189903853,0.001419652747,0.001110144057,0.003354988504,0.0006523085179,0.0007160890627,0.001911933076,0.007313337666,0.003423548469,0.0006567583233,0.002585007353,0.0009229226124,0.002737289584,0.002341916129,0.008007672124,0.005908187988,0.00962871977,0.006601039178,0.002191776397,0.001751245657,0.002036692437,0.01274407801,0.0008593068752,0.001320108951,0.01316301895,0.006091618857,0.001936324602,0.001821783314,0.001374825077,0.0004650870736,0.0004021305669,0.0006315427591,0.001134205968,0.00235081574,0.0006770296593,0.002238581758,0.008079528242,0.007694372858,0.0008347505414,0.0010396064,0.002726577089,0.001371364118,0.001567979595,0.001192547861,0.002145959882,0.0006496715961,0.003969720887,0.008074254398,0.01066206348,0.008232634511,0.001606709384,0.003062454997,0.001157443841,0.001160575185,0.00130016723,0.0005908352796,0.005675150028,0.003512379771]"
sub-20333,ses-1,"[0.01037224225,0.001785011444,0.001476326607,0.04441499906,0.2530006828,0.2728687615,0.003743433252,0.0001937375114,0.001293202386,0.005564242064,0.004160589509,0.002509773221,0.004677222873,0.01059979838,0.00342197649,0.001799762118,0.004176599387,0.002042608581,0.003968291088,0.001629050049,0.001263161379,0.002134350578,0.005130356383,0.001004484924,0.00102013503,0.002682823811,0.0004281293195,0.0007670350498,0.002708367662,0.007128533056,0.004078021712,0.0006776315742,0.003566784936,0.000678171233,0.00264432815,0.002907141989,0.008653788729,0.006080875427,0.01167461884,0.005138451266,0.002188136573,0.001299858178,0.002566617282,0.01299732257,0.001112596572,0.0009357683698,0.01479528583,0.009195786056,0.002144064437,0.002515169809,0.001561952471,0.0005952436631,0.0003892738855,0.001074820456,0.002121578653,0.002698833689,0.001665566962,0.00256427876,0.00563529714,0.004509928643,0.001118532819,0.0005157339324,0.004299281822,0.001223046741,0.001300397836,0.001632467889,0.001376489728,0.0004691433888,0.003765919035,0.008781867752,0.009193447535,0.008370108083,0.001142457693,0.002938442199,0.00101725685,0.001429736064,0.001538207484,0.001339613043,0.006906733287,0.003237053405]"
sub-20335,ses-1,"[0.008009755621,0.001096616761,0.00110663661,0.03574710867,0.243489557,0.2892980781,0.003626071869,0.000131371348,0.00110663661,0.00338002892,0.005987972842,0.00236171542,0.002320337157,0.01174994243,0.004108694575,0.0009234960439,0.003727012565,0.001727310563,0.006495088511,0.00159018708,0.001291818256,0.003336795129,0.00545376647,0.001119254197,0.0008693146405,0.003602877775,0.0005728013437,0.0006564856346,0.002582337642,0.007919762537,0.004550495676,0.0007173469371,0.002432225466,0.0007707861295,0.003868218209,0.001794851765,0.008174155359,0.004452152718,0.01025995384,0.005123111467,0.001830848998,0.00239474381,0.00293692895,0.01209692608,0.0009097651403,0.001181228816,0.01156123528,0.007185901405,0.002287123214,0.00193679962,0.001866846232,0.0005199188095,0.0004976524794,0.0007086259578,0.001630080921,0.002022896096,0.001429869503,0.003650008174,0.006006528117,0.00378601834,0.001946819468,0.000550906119,0.003939470466,0.001133541759,0.001473474399,0.0008561403951,0.002075593078,0.0005208465733,0.004297216171,0.01113854612,0.01130294585,0.009871963035,0.00114374716,0.002167812795,0.0007273667856,0.001069340507,0.001722300639,0.00102239566,0.005210135708,0.006216573832]"
sub-20336,ses-1,"[0.008804142288,0.0008821602416,0.001108463839,0.03872469871,0.2577748847,0.288257725,0.00300619326,0.0003369974174,0.001146265864,0.003973450435,0.004448094685,0.003226224773,0.002341182763,0.00785315863,0.004373338215,0.0008889408737,0.004402494934,0.002009270819,0.003928189715,0.002037071411,0.001411558096,0.002129457524,0.00341862521,0.0009038582644,0.0009521702685,0.002130474619,0.0006907768994,0.0006222925148,0.002530362399,0.004423684409,0.003408623777,0.000622122999,0.002348302426,0.000874023483,0.002904483778,0.003957176918,0.005788286627,0.00460421874,0.01046387152,0.006913532531,0.001728383133,0.002055718149,0.003422015526,0.01145655607,0.000738580356,0.001219496691,0.01534863892,0.006713334367,0.002365423523,0.001665323254,0.001637692178,0.0006192412303,0.0003195372897,0.0006166984933,0.001468854438,0.001869928829,0.001241364229,0.002878208828,0.006712317273,0.007371564233,0.001672951465,0.0009720036175,0.002067245224,0.001313747477,0.001801783476,0.001142536516,0.001383079441,0.0009257258031,0.003383704954,0.009086555617,0.009675962066,0.01003787831,0.001488687787,0.00249883246,0.000798080403,0.001519031115,0.001028960927,0.0007950291186,0.005449933084,0.004125845142]"
sub-20347,ses-1,"[0.00702563963,0.001014089152,0.000970693001,0.04738070694,0.2074973163,0.2779233521,0.002984274418,0.000167666948,0.001662861613,0.003501083128,0.006940622624,0.002440244486,0.002895706819,0.01488409085,0.002386591063,0.002476342194,0.006905708448,0.0009381458876,0.003905653611,0.001512355871,0.001575083035,0.001925211073,0.00333302167,0.001869585097,0.001185306694,0.002591144739,0.000711499625,0.0009949553947,0.002262714776,0.009606724352,0.00410389512,0.0004840643415,0.003078167909,0.0008239351078,0.002558400371,0.003861271184,0.006375289127,0.007028203948,0.008895224727,0.004649305839,0.00345137481,0.001086679078,0.003020963892,0.008598750112,0.0008407018026,0.001217853808,0.008453964771,0.009996303437,0.002141205553,0.00163445686,0.002421110728,0.0009444580551,0.0007955303542,0.001495391921,0.002611659283,0.003947274465,0.002165073436,0.004997066815,0.006827792631,0.00484458852,0.002234901789,0.0009409074609,0.004295035441,0.001229886377,0.001623016056,0.00110936343,0.001937440897,0.0004000336123,0.005449373064,0.008040517803,0.009498431229,0.01155343625,0.00145692715,0.002117929435,0.0006783607459,0.001106207346,0.001417476104,0.001428916907,0.009796286631,0.00604330857]"
sub-20350,ses-1,"[0.01137102315,0.001899248508,0.001486376774,0.04510782638,0.2191217989,0.2421561114,0.00439150644,0.0002546973552,0.001226092261,0.007203388361,0.006478791725,0.003162138949,0.003270799545,0.009644783887,0.002054532977,0.00209807428,0.004420020214,0.001083138072,0.003049239819,0.002411918449,0.001609872239,0.002016000851,0.00364109328,0.001403147381,0.00134496387,0.002709193804,0.001095275692,0.0009823765614,0.003906001648,0.006892819423,0.005434763761,0.000605339705,0.002858120472,0.0006590920213,0.003236120632,0.002309422993,0.01065952743,0.008568966919,0.01022507771,0.004749084573,0.00314113894,0.001645514456,0.003743588736,0.007744957397,0.000910899467,0.001249596858,0.0161740527,0.01002798588,0.002413267073,0.00227204683,0.002157028433,0.0007770003279,0.0005743213433,0.001361725345,0.002418661571,0.003551120765,0.001848386101,0.003625295108,0.008659324755,0.006503259625,0.001354404241,0.0007315324188,0.004386689925,0.001513156602,0.001564211669,0.00120470693,0.001601395171,0.0006903030436,0.004489956023,0.009190490117,0.01028518783,0.01206055555,0.002044514624,0.002013303602,0.0008270920922,0.001645707117,0.002119266949,0.002198257808,0.008808829406,0.004655644167]"
sub-20402,ses-1,"[0.007827231709,0.001356164692,0.001998713269,0.052375796,0.2554057891,0.2843410601,0.00310524302,0.0001548782229,0.001512023157,0.005669065754,0.005772971398,0.003269106794,0.003140041608,0.009101382827,0.003233327964,0.002374309297,0.004489671354,0.001876183029,0.003717240724,0.001613641569,0.001378056762,0.001986623619,0.004420564299,0.001273497624,0.001290488484,0.002213059502,0.0005526930676,0.0007276662498,0.00288517871,0.004570377939,0.004876703538,0.0005832439407,0.002864103508,0.0007980802942,0.003045284889,0.002520855464,0.008198416648,0.008585285458,0.007268657189,0.005979802442,0.001416612944,0.001430989825,0.002893510766,0.008633807433,0.0009207739075,0.001026313287,0.01575853243,0.007096297986,0.001915719453,0.001364333375,0.001644682563,0.0008658803602,0.0004236278819,0.001020268462,0.001567243452,0.00368619973,0.001316301521,0.00301310028,0.00621587737,0.006165394912,0.0008902230344,0.001025006298,0.003990728218,0.001097380826,0.001730780478,0.001185275852,0.001275948229,0.0007944860739,0.002944973466,0.005135487404,0.007259018144,0.008053667591,0.00201260003,0.002252922673,0.0009379281411,0.002274487995,0.001942676106,0.001559728264,0.005656976104,0.002688966952]"
sub-20403,ses-1,"[0.008528383488,0.001232253939,0.002078982875,0.04878179609,0.2561493588,0.2934679846,0.003013220639,0.0001990015567,0.00165553738,0.004741033829,0.004558561718,0.003666781941,0.003365848805,0.009537327863,0.003728848387,0.001910933515,0.003618652085,0.001470958575,0.003804527318,0.0017809667,0.001092401868,0.002116417207,0.003656248471,0.001021422485,0.0009875533277,0.002620241181,0.0005522779358,0.000589388161,0.003346726505,0.0033081578,0.004174009035,0.0005825819188,0.002297754945,0.0008478633099,0.003898518281,0.003616545391,0.005891288755,0.007254319776,0.008768708658,0.005948655654,0.001157061168,0.002215107719,0.002665129968,0.009781218207,0.0008588829401,0.0012136178,0.01749009773,0.007667555908,0.001676442267,0.001246028477,0.001324948475,0.0007238924704,0.0004777333788,0.000881570414,0.001378750199,0.00492107514,0.001024825606,0.002142345749,0.005055579449,0.005321184947,0.001035845236,0.0008600173138,0.004206581766,0.001137452709,0.001378912252,0.0008867561223,0.001459614838,0.0005216498461,0.00370745734,0.00563346182,0.007727677713,0.007006702204,0.001677900747,0.002989236738,0.001427366214,0.001524436192,0.001430931389,0.001087378213,0.007388824086,0.003748294793]"
sub-20410,ses-1,"[0.009050823638,0.003005569332,0.001699750673,0.04700306325,0.2335336418,0.2723057877,0.002570170789,0.0001905575439,0.001760631075,0.005553875952,0.008604493011,0.002287067495,0.003116021083,0.01166340338,0.003718416642,0.001832820531,0.00436680235,0.002403173773,0.005263987225,0.001562911131,0.001276415121,0.002365476929,0.002499866176,0.001411746789,0.0009190490443,0.003118094409,0.0008097281982,0.0007586489753,0.002195464165,0.0064239191,0.004966370646,0.0005931598324,0.002532285462,0.0008811637166,0.004170401796,0.003931403808,0.007413649725,0.007248726035,0.01072776772,0.00463181116,0.001255870341,0.002126667426,0.002618422749,0.01302444791,0.001189523896,0.0009090593808,0.0140778862,0.008852349757,0.00280125244,0.00180775213,0.00151145494,0.0007976652083,0.0005241746088,0.001007259658,0.001546701488,0.002317790422,0.001383474156,0.003132042242,0.007069477544,0.004832169883,0.001940256535,0.0005918404428,0.003941204987,0.001119219283,0.001787961287,0.0009000121384,0.001239660698,0.0006696844246,0.004052033707,0.008900413233,0.007899750522,0.00954653713,0.001767039539,0.001434176411,0.001033647449,0.001117522925,0.001963440093,0.001055134649,0.008759615522,0.00402715379]"
sub-20448,ses-1,"[0.008857100107,0.001901908374,0.001530430349,0.02704788575,0.2587624296,0.2660100378,0.00577869072,0.0002305343483,0.001967669774,0.006215560699,0.006266359534,0.003245029565,0.003480736158,0.007463549527,0.002205777767,0.000717648993,0.003469652776,0.001462452272,0.003127545714,0.002192477709,0.001537080379,0.002404909199,0.003440466536,0.001041653197,0.002410635613,0.002341549198,0.0009003400751,0.000592960944,0.003455244379,0.007129385556,0.003998145381,0.0007056419957,0.002732792587,0.0009747834584,0.002814994338,0.003147680525,0.005943833114,0.00625028863,0.01041265279,0.004774721022,0.00199907269,0.001262212502,0.002990111776,0.009400924724,0.001400570055,0.00106677553,0.02110663876,0.006912705435,0.002217600041,0.002287794795,0.001963236421,0.0004869299216,0.00052516759,0.0008742941271,0.002662413111,0.002512972175,0.000962222292,0.003731220594,0.007251487482,0.005492185292,0.001530799795,0.000962407015,0.003288993647,0.0009840196102,0.001711643647,0.001187214949,0.001675992101,0.0008391967504,0.002652253344,0.007741557695,0.00847509287,0.008773051126,0.001970994789,0.002783406699,0.001200515008,0.001318553028,0.002034170067,0.0009417180351,0.008755317714,0.005114980853]"
sub-20612,ses-1,"[0.007394100202,0.001022933151,0.001779312612,0.05383107055,0.1967248216,0.2688399881,0.002442264814,0.0002158360348,0.001370520687,0.003843864365,0.005547672498,0.002308797301,0.0038335683,0.01257683439,0.004206895999,0.003575213329,0.008382903803,0.001441449137,0.003305227617,0.001989809946,0.002261130333,0.002846099374,0.003659679197,0.001014162428,0.001691605389,0.002506901224,0.0007294952907,0.0009470473364,0.001971887166,0.006202235314,0.006981685588,0.0006398813893,0.003345839875,0.0007954663755,0.005393803523,0.004338838169,0.008177363834,0.008348011582,0.008579291715,0.007931020939,0.002271807734,0.002337588151,0.003190064221,0.006249902283,0.000793178361,0.0008919443204,0.01082383394,0.01160023353,0.002932471921,0.001367660669,0.001321900379,0.0008242572247,0.001100916312,0.001579874014,0.002284010478,0.004346655552,0.001550892497,0.002949441362,0.009633494397,0.007174641478,0.001659954522,0.001193962235,0.003786091999,0.002039574262,0.001696562754,0.001255547958,0.001246586568,0.0009945236373,0.005326307095,0.007814332199,0.009781643336,0.00868377771,0.002171897767,0.00310311967,0.001031513205,0.001683597338,0.00166281454,0.001284720143,0.008851756108,0.005835771658]"
sub-20724,ses-1,"[0.009134771846,0.0008846197754,0.001346833995,0.0360367547,0.2642176955,0.3083267799,0.003083390168,0.0002222779509,0.001960228201,0.003904501957,0.005299044391,0.002179098407,0.002635116725,0.009370525882,0.003027627058,0.001053767875,0.003608337886,0.001506688243,0.005879445423,0.002105367184,0.001313221232,0.002507636061,0.005233522737,0.0009157541782,0.0009933578392,0.002773130422,0.0005501960151,0.000787189231,0.002457449262,0.004747454298,0.003073631624,0.0005334670822,0.002230524385,0.0008844648778,0.003187171511,0.002497567722,0.007008338599,0.005521167444,0.00868107699,0.005117814284,0.00138850143,0.001205722348,0.002704510817,0.01161096371,0.000903052581,0.001137722334,0.01639962075,0.006912611927,0.001325613034,0.001398879564,0.001570351126,0.0003592073646,0.000312273414,0.0007275536832,0.001266751974,0.002119927551,0.0009363555493,0.002179408202,0.006170497876,0.008285778502,0.0005968201706,0.0005241732306,0.004113923413,0.0009890207084,0.001959143919,0.001524966151,0.0008790434644,0.0007390161002,0.003236274027,0.006011108321,0.005702087755,0.006217122032,0.001166378377,0.002678797828,0.001357521925,0.002078105219,0.001243982037,0.0009261323125,0.006515299771,0.002942123623]"
sub-20794,ses-1,"[0.007905628193,0.002017308652,0.001542925619,0.04482985783,0.220733958,0.2911644413,0.003322759371,0.0001416914674,0.001743560737,0.004252633241,0.007158630777,0.002395719331,0.003449337082,0.009651644915,0.003973973356,0.001326987823,0.003812256161,0.001690662589,0.003302544722,0.001920958454,0.001293170792,0.001939472806,0.002462786625,0.001054373439,0.0009652022759,0.004121332482,0.00079082731,0.0007872377929,0.002468454284,0.006400109121,0.003899349183,0.000582446392,0.002953039102,0.0008357907357,0.004669584,0.002788677,0.007594662652,0.007948135633,0.009486149281,0.005144344876,0.001934371913,0.001523655579,0.002325251441,0.01183142645,0.001039259683,0.001140710774,0.01641202821,0.007330549757,0.001733547873,0.002162022871,0.001638897973,0.0008620508876,0.000690887595,0.001246695991,0.003101342838,0.001996905081,0.001065330913,0.003564390554,0.007347741655,0.005141699969,0.001308284549,0.0006750181507,0.003865154309,0.001219302307,0.001167915535,0.0009663358076,0.0007685345192,0.0005471179861,0.004914993621,0.01008389835,0.00935957157,0.007614877302,0.001617549792,0.003281007619,0.0008913337909,0.001227048108,0.002110636098,0.000604172417,0.008202235665,0.005290570471]"
sub-20842,ses-1,"[0.00986938543,0.001426370536,0.001673000263,0.04437809157,0.2357438766,0.288292031,0.002685650861,0.0001545012214,0.001681774406,0.005124099768,0.006557718509,0.002870098616,0.002864757833,0.008644629452,0.004128806715,0.002964706771,0.005589510855,0.002485562242,0.00229195886,0.001886250097,0.001792023426,0.002689084222,0.003790239223,0.001502476693,0.001497898879,0.001507054507,0.0004461461196,0.0008762698904,0.002199067385,0.006160402405,0.003957710918,0.0004551110053,0.002773392296,0.0007530503977,0.004098287955,0.003584809821,0.006265692126,0.007965968531,0.008376827335,0.005703956204,0.001302769558,0.001757499079,0.003212671694,0.006712601215,0.0009071701346,0.0009733576949,0.0104643105,0.01020833441,0.003671025318,0.001695126364,0.00102638404,0.0007925340432,0.0004886816411,0.001446207729,0.002563957307,0.003440799424,0.0009189961541,0.003285725975,0.008563373254,0.006995090485,0.001790497488,0.0008119897526,0.003307661334,0.00160910161,0.002053912534,0.001015702474,0.001651637131,0.000958861284,0.004571710216,0.006318527729,0.01045858824,0.008161097851,0.002281086552,0.001801751281,0.0009029738052,0.000958861284,0.001813768043,0.0008209546383,0.005731041603,0.005992930711]"
sub-20846,ses-1,"[0.008071699433,0.001293501081,0.001646117477,0.05170922279,0.2084826258,0.2709020452,0.002532827112,0.0001085415292,0.001103026969,0.006184187126,0.005391853106,0.003466054546,0.003574404644,0.01407230397,0.003468351721,0.001989353741,0.004864842824,0.001931350067,0.002830311304,0.001517092802,0.00196351052,0.002825716953,0.00305773165,0.001176919438,0.001594813897,0.002519235492,0.0006885782725,0.001049809076,0.003082617715,0.00783585611,0.00501358492,0.0006164086843,0.002621076927,0.0009992712212,0.003194030714,0.002336418631,0.009636075759,0.008994398147,0.007554069283,0.005653156788,0.002510812517,0.001493546756,0.002582790674,0.007627004596,0.00112140437,0.001230328762,0.01099408918,0.009283267931,0.002403419575,0.001879855056,0.001503692613,0.0004996356106,0.0005595535976,0.001418122836,0.002000456755,0.003178524781,0.001293501081,0.003890074806,0.00697403254,0.007709128611,0.002348861664,0.0005321789262,0.003590867733,0.001703163995,0.002049271728,0.001317429989,0.001285460967,0.0008583778076,0.005078671551,0.006644005033,0.01027105328,0.01063879274,0.001641140264,0.001668897798,0.000800182702,0.001703163995,0.001453154759,0.001379645152,0.008448244738,0.006667168217]"
sub-20849,ses-1,"[0.007851580214,0.001043423424,0.001539787691,0.0497762554,0.2159398109,0.2909039995,0.002265300294,0.0001403858531,0.001739410431,0.006089886313,0.005826755687,0.002682186855,0.002947174438,0.01404397048,0.004058933833,0.002344963695,0.004474520525,0.002129928221,0.005072274574,0.001734582347,0.001466995026,0.00199827006,0.002759621909,0.001069420804,0.001629850043,0.003395443551,0.0006885591843,0.0005483590268,0.0020175824,0.008266795515,0.004520944418,0.0005849410547,0.002434654656,0.0009405480768,0.004181864302,0.002879581249,0.008106168844,0.007984723939,0.009770001177,0.005364930797,0.001448982555,0.001781377631,0.002235960393,0.01082716607,0.001101174747,0.001094304011,0.01185721942,0.009307990592,0.002593424371,0.001803104013,0.001391416928,0.0007318262528,0.000778250146,0.001058650461,0.00246009495,0.002539201264,0.001323266653,0.00366767326,0.006373443453,0.004312779681,0.001364119679,0.0006997009187,0.003528772972,0.001296155099,0.001051594029,0.0007509528968,0.001205349964,0.0004679528437,0.003667858956,0.008764273954,0.009166490565,0.007446206778,0.001858255598,0.002057692643,0.0009333059494,0.001434498301,0.002080347503,0.001353535031,0.008675511471,0.005264098101]"
sub-20855,ses-1,"[0.007612533728,0.00249446031,0.001906775698,0.04327878793,0.2330546507,0.264295059,0.003008118317,0.0002045575581,0.001228329745,0.004129148861,0.007285911024,0.002693308369,0.002688780146,0.01018928957,0.003992120892,0.002196778858,0.004767431444,0.002346013343,0.00305556622,0.002471031677,0.001878031325,0.002803167,0.003935025904,0.001180094325,0.001877243808,0.001829205267,0.0007451880246,0.001076338951,0.002431852703,0.006015055358,0.005259432732,0.0006595455436,0.002856521281,0.0009861682471,0.003946641781,0.002988036631,0.006744296162,0.007688529125,0.01329860383,0.005654175662,0.002023328224,0.001069054418,0.003040603396,0.009100153467,0.001194072753,0.001465766141,0.01323678374,0.007918877867,0.002054238269,0.001508095183,0.002377710904,0.0005077516289,0.0004055712895,0.001136977765,0.001886103375,0.00355229261,0.0014015835,0.003317809403,0.00830732066,0.005812663471,0.001814242443,0.0007229406675,0.003905494014,0.001625435226,0.002249345623,0.001378548626,0.002040850479,0.0008036611668,0.004139977221,0.01028083843,0.008667609718,0.008646346758,0.002032778429,0.001957570549,0.001027709772,0.001242308173,0.001549439829,0.001660479736,0.006280645488,0.00386651192]"
sub-20860,ses-1,"[0.01273659273,0.001980958471,0.001502347189,0.03720719638,0.2098404351,0.2539867832,0.004652272529,0.0002448992709,0.001539773655,0.006040102866,0.005995150425,0.003050257032,0.004234886064,0.01088581327,0.00141386614,0.00173300813,0.004883950494,0.001671783312,0.002126799649,0.002450823352,0.001483633955,0.002416447956,0.004528399061,0.001272703271,0.001530620443,0.002746370396,0.0007129335088,0.001148829803,0.004435239703,0.007881322301,0.004719396083,0.0007770059925,0.002421939883,0.0008892853925,0.002130460933,0.002325729455,0.006838466353,0.008713247566,0.01139900336,0.006127363486,0.001563978816,0.001611575518,0.003168841978,0.006889520935,0.0009082020305,0.001622355968,0.01326890286,0.01019220321,0.002530354593,0.00174724646,0.002113578342,0.0008024315813,0.0008443329515,0.001595099736,0.00331529337,0.003690981869,0.001800131684,0.004804012443,0.006060850146,0.007011156952,0.001682360357,0.0008571474483,0.006035017748,0.0009283390968,0.001786096759,0.001366879652,0.002505335814,0.0006765240657,0.003402147181,0.00908222371,0.01263509378,0.01519534887,0.001663443719,0.002158530783,0.001085774342,0.002053777358,0.002769761937,0.002065371426,0.008326168402,0.005951825222]"
sub-20918,ses-1,"[0.01290998761,0.0009530991524,0.002305739414,0.03605281166,0.2673853776,0.2820428584,0.002978239508,0.0001923909384,0.001311140772,0.007221084797,0.005140727547,0.00356010055,0.003908592079,0.01175338468,0.003805798364,0.002726811639,0.004172000972,0.001153130164,0.002685485788,0.00194717688,0.001727872047,0.002264934477,0.00468006585,0.001064574768,0.00128926238,0.002377625559,0.0005387988103,0.001039918168,0.00201159659,0.007180800773,0.005039322937,0.0006412452486,0.002581302969,0.0008082850345,0.00192512485,0.002532510683,0.007459663451,0.006178735696,0.007870491033,0.004807342527,0.001664841442,0.0009451118029,0.002858602905,0.006885268845,0.001068915719,0.001058497437,0.01133821615,0.007347493283,0.002339946106,0.001787777168,0.001817121995,0.0008487426957,0.000598530293,0.001937105874,0.001918700243,0.002824048937,0.001003627819,0.00289871329,0.005263836911,0.004684580439,0.001409767174,0.0007535890547,0.00354690406,0.001490161582,0.001546246666,0.0009779293908,0.0009643856244,0.0006528789967,0.003841394161,0.008208043365,0.009102452863,0.009489318396,0.00149033522,0.003221332752,0.000844749021,0.001860705141,0.001340311962,0.001548503961,0.006362618371,0.004009475775]"
sub-20919,ses-1,"[0.01349576373,0.001129199467,0.001686242068,0.03111936063,0.2786139891,0.2713469414,0.003425293012,0.0001602476263,0.001224983843,0.006408630354,0.004455612409,0.002747154193,0.004061366828,0.0119193277,0.003365382252,0.002042246737,0.004412636909,0.001214057869,0.00292433708,0.001689884059,0.00154784639,0.001971956301,0.004883728511,0.001036510783,0.001370481404,0.002215787633,0.0004064462521,0.0008826366416,0.001911317143,0.007257032276,0.004457069206,0.0005832649398,0.002722206552,0.0007109167421,0.002441773206,0.003446598662,0.007593552291,0.006370935742,0.009098605281,0.004986068472,0.001878903418,0.0006959845769,0.003237730449,0.01093198381,0.000969498139,0.001012837838,0.01326431517,0.007490483931,0.002095237714,0.001997632341,0.002063734487,0.0007852133688,0.0002556678038,0.001556769269,0.002356004306,0.002732950426,0.001384503071,0.002750067787,0.005745423701,0.004616042135,0.000916325063,0.0005146133999,0.002691249624,0.001637621481,0.001351543048,0.001592824985,0.000903031794,0.0005259035735,0.002663206289,0.009254664617,0.00782572925,0.008626967381,0.001823909346,0.002485659203,0.0009374486138,0.001392879652,0.001185832435,0.0009918963868,0.005909131219,0.003374123031]"
sub-20934,ses-1,"[0.009331232382,0.001283599942,0.001681577151,0.04667946777,0.2218520497,0.2969903443,0.002218006978,0.0003199618258,0.001101103197,0.003275856076,0.006383830946,0.002051310816,0.001910488112,0.01323239657,0.002967349673,0.002087059638,0.004723782091,0.001377020895,0.005745289846,0.001674466888,0.001401116785,0.002586358092,0.003686671259,0.001087475193,0.001540161924,0.002611441519,0.0002443165299,0.0006517740896,0.002312612974,0.005730871813,0.004507116583,0.0006065449179,0.002426969701,0.000944479908,0.002445535387,0.002920342936,0.005781433682,0.008393467723,0.01069166266,0.009403717561,0.001168453186,0.00158874872,0.002783470377,0.01039184658,0.0008293331522,0.001036913324,0.006847973101,0.006810841729,0.002284171923,0.001609289479,0.001591908837,0.0007758086739,0.0004021248625,0.0009257167145,0.001504808118,0.002115698196,0.001211114763,0.003349131284,0.00771048748,0.007677701268,0.001964802619,0.0008180752361,0.001829115104,0.0009908941234,0.00156169022,0.0008933255173,0.001670516742,0.0007260368343,0.003575277142,0.009945282578,0.008861560023,0.01041594247,0.001317571197,0.002657263212,0.0008344683419,0.001772035494,0.001725621279,0.0006170128048,0.005231573359,0.00525784183]"
sub-20964,ses-1,"[0.007221362489,0.001698357474,0.0008961805246,0.04960261857,0.2206737854,0.2531518238,0.004211281491,0.0002548716173,0.001664925241,0.00624120806,0.006303352683,0.002427966811,0.004506075129,0.008462091682,0.004994972382,0.002596701261,0.005751524166,0.001135515986,0.003333390365,0.002157165717,0.002150872591,0.001475541469,0.003026207135,0.001299530592,0.00109008748,0.004403025185,0.0009909707403,0.00121850659,0.00315069304,0.007675647548,0.00452751109,0.0008702213784,0.00288284185,0.00108005781,0.002339469722,0.002590801455,0.008188734006,0.008986387771,0.01006546228,0.006001479278,0.001990201209,0.001713106989,0.003042923252,0.01041925398,0.0009774011866,0.001454302168,0.01191701805,0.008274871173,0.002812437499,0.001921173479,0.001735722912,0.0007276427345,0.0005205595455,0.001517430092,0.003612254526,0.002297581099,0.001373868147,0.0040224877,0.008257761736,0.007650671703,0.001212213464,0.0004888972535,0.002229733331,0.001374458127,0.002173488514,0.0008889040973,0.001421656575,0.0005593016046,0.004083059042,0.01053430019,0.009768898701,0.01190797168,0.001906423964,0.002538096522,0.0008236129114,0.001885381323,0.001938676237,0.0008472121352,0.008188930666,0.007285867034]"
sub-21050,ses-1,"[0.0116076861,0.0006814509509,0.000755694041,0.02621893967,0.2703980603,0.3086622173,0.002709186767,0.0002157165762,0.00148867305,0.005255557065,0.005989298324,0.00300326258,0.003160743303,0.009632393038,0.002344526661,0.001509863583,0.003618855184,0.001435468043,0.005706656251,0.001762777929,0.001239874851,0.001465805569,0.004017054263,0.00103025627,0.001354364709,0.00331288828,0.0005450083108,0.0006796215523,0.001715213568,0.005549023078,0.002667110601,0.0005933349219,0.002062189488,0.0008433527204,0.004163253695,0.002685252136,0.005677080975,0.005536217289,0.006565558859,0.005214395598,0.001491417148,0.001829855875,0.001991147845,0.0104290961,0.0007683473808,0.001485624053,0.01845268558,0.008237019312,0.002202138475,0.001468854566,0.001983220452,0.0006488266771,0.0003236510892,0.0009316211993,0.001865071797,0.002633876527,0.0007372476059,0.002562072635,0.006548332023,0.006915888677,0.001420070606,0.0007701767794,0.002898986864,0.002347575658,0.001268992777,0.001806378594,0.001616883397,0.0009720204167,0.003283008104,0.006413413882,0.006147998646,0.006474546282,0.001508491534,0.003286362002,0.001068368739,0.002113717547,0.001025835223,0.00104229981,0.00676359125,0.002843800008]"
sub-21088,ses-1,"[0.008385672554,0.001039616085,0.001058331694,0.03483712651,0.2556285844,0.3081298266,0.002675072375,0.0002233276029,0.002299140576,0.003893566491,0.005133295626,0.002273046698,0.002464701732,0.01079638695,0.004146767086,0.0009625941562,0.005042057033,0.002181088273,0.004913747137,0.002224458098,0.001754768296,0.002794564339,0.003366650117,0.001043395199,0.002438607854,0.001993752226,0.0004176820034,0.0007808368001,0.002817239019,0.005226513755,0.003324360039,0.0004419763035,0.002137538491,0.001001824952,0.003928118385,0.004983030881,0.006125942731,0.005440483554,0.008805694008,0.006749136518,0.001765745721,0.001944983668,0.002241194171,0.01048595978,0.0006345311263,0.001016401532,0.008675584534,0.007050565796,0.003438093355,0.001676486663,0.001838088748,0.0003350813832,0.0002389839296,0.0008663167448,0.001872280725,0.002310297958,0.0008555192781,0.002171010637,0.01009707103,0.006107946953,0.00166370966,0.001102241392,0.002917295544,0.0009881481607,0.001501387744,0.001305773639,0.001928787468,0.001252326179,0.003426576057,0.007873332759,0.008080284204,0.009334769876,0.001817753519,0.002579694752,0.0009696125095,0.001460177413,0.001262223857,0.0009332610383,0.004609438534,0.003426935972]"
sub-21095,ses-1,"[0.007970164828,0.00171776083,0.002301702189,0.03179645328,0.2169790682,0.2742857191,0.003101447963,9.859299753e-05,0.00124679943,0.007114140648,0.004845655413,0.003615993392,0.003298210812,0.01517739758,0.003442926714,0.001740399137,0.005086002291,0.002448533821,0.00302824372,0.00190669548,0.001353643773,0.002849252999,0.004154023419,0.001313656484,0.001665713883,0.002412777991,0.001178672938,0.0007254836664,0.002771605724,0.00699333249,0.005452235078,0.0006429702135,0.002259176025,0.0006484711103,0.00327155262,0.004725693547,0.005705911052,0.007330579782,0.01245995453,0.005629110069,0.002081877888,0.001579392117,0.003353431354,0.008327934697,0.0009709082954,0.000871469006,0.01372198721,0.01154447835,0.00193102637,0.001282766833,0.001650269057,0.000602136633,0.0008386751979,0.001737013969,0.001929968505,0.003335447652,0.002485135942,0.003254838356,0.006635985767,0.00525124077,0.002403257208,0.0008346553117,0.002445148653,0.001028456139,0.002521314917,0.001218660227,0.002273986132,0.0005136991373,0.004988678731,0.008380827936,0.01215888621,0.01048280525,0.001896539978,0.001700411848,0.0007855703859,0.0009139951702,0.001821008433,0.0007948795959,0.01102675932,0.004225323506]"
sub-21116,ses-1,"[0.01161643151,0.001959222682,0.001234383938,0.02831615438,0.2670448434,0.2965457118,0.00292744419,0.0002724996318,0.001486330487,0.00641393225,0.006896758436,0.002781688573,0.003723704899,0.008609001565,0.002653231801,0.00140702984,0.003860725455,0.001309745245,0.002673271057,0.002300746419,0.001474512464,0.001453616829,0.002796418283,0.001174437445,0.001514419701,0.003621110757,0.001004703231,0.0008322286051,0.003150787697,0.007468990535,0.005614417303,0.0005610991789,0.002963069535,0.001218969126,0.001381338485,0.002411904346,0.008357397569,0.006566025068,0.009861026901,0.004612797035,0.001644417954,0.001644246678,0.003277531712,0.01037999226,0.001045638122,0.001042383884,0.008532270054,0.007525511515,0.002452154134,0.001431350988,0.001520243074,0.0005324961377,0.0003502587976,0.0006047744813,0.001577962984,0.002583180042,0.001245003032,0.003771662094,0.005255937272,0.005397582272,0.001113634573,0.0004720358172,0.003827840522,0.001432207367,0.001388360789,0.000979696979,0.001374144906,0.0005004675826,0.002346819582,0.008536723222,0.007024872657,0.007590938831,0.001338005734,0.002316846335,0.000956060933,0.001447450904,0.001676446509,0.001177177856,0.006424722619,0.003421060745]"
sub-21124,ses-1,"[0.01155812307,0.0009872876006,0.001655421268,0.04688187322,0.2297061766,0.276799688,0.004369926377,0.00016305962,0.001747220441,0.006153759328,0.005721017313,0.002815591357,0.004251158965,0.01063423763,0.003337810775,0.002224611858,0.004386714552,0.001729182082,0.004010766578,0.002024582533,0.001369843686,0.001746684648,0.005115928603,0.001303941167,0.001593090701,0.003304055827,0.0007068893493,0.0007510029595,0.003743584551,0.007575396321,0.006647224531,0.0007074251422,0.003082951983,0.0009129909939,0.003044196301,0.002390350442,0.0089457758,0.005506164386,0.009541041642,0.006109824315,0.001717394639,0.001560764534,0.003267264719,0.01128522592,0.0009610337516,0.001245003955,0.01163474145,0.008705562012,0.002065838581,0.001767759166,0.001630774798,0.000538471801,0.0005216836254,0.001390203814,0.002471790954,0.00347586673,0.001133737643,0.003375316274,0.005933548472,0.003844492201,0.001342875447,0.001040331091,0.003935576984,0.001277151525,0.001537368246,0.001303226777,0.001324479892,0.0004663183656,0.004151144302,0.006925301013,0.009121158656,0.00993913572,0.00161863016,0.002995974946,0.001104626232,0.001503256102,0.002143171347,0.001387882045,0.007061213796,0.004690151895]"
sub-21131,ses-1,"[0.008821259178,0.001153020647,0.00160699682,0.04167720632,0.2637087437,0.2964875714,0.002326606466,0.000146184098,0.002142719552,0.006013084933,0.006991815747,0.003680308916,0.002916655527,0.01428645365,0.003622726435,0.002257541763,0.004737016007,0.001801337696,0.004818933943,0.001767405162,0.001415055214,0.001959346768,0.00447258217,0.001105035245,0.001521137227,0.002275879041,0.0005549168927,0.001000152868,0.001674519135,0.003540979876,0.003676881388,0.0005233836289,0.002670044839,0.0008640799793,0.002524717623,0.002785209802,0.008715862671,0.006182576227,0.008211501827,0.004623393432,0.00158009072,0.001564152711,0.002289246403,0.006594907926,0.001223284985,0.00122448462,0.01350429161,0.006966623411,0.002397727686,0.001338107195,0.001676747029,0.0005434346716,0.000423471168,0.0009804445779,0.001368783577,0.003821008968,0.0007496005215,0.003482711888,0.006077008343,0.005072228312,0.001034770907,0.000798785558,0.003514073775,0.001280867466,0.001801337696,0.001112575808,0.001679660428,0.0006308366529,0.003322474922,0.005429548176,0.006867567833,0.005905289157,0.001235624088,0.001799795308,0.0009451410325,0.001462526486,0.001228940407,0.00122876903,0.00619251606,0.003391025496]"
sub-21146,ses-1,"[0.008185549023,0.002203589062,0.001489200012,0.03922030192,0.2404877897,0.2736447432,0.003005275386,0.000356813314,0.001197573746,0.005102887843,0.004728157622,0.002604241618,0.00281314514,0.009260944705,0.002461287566,0.001424012964,0.003896165038,0.001597273275,0.002464909069,0.001659982453,0.001311174566,0.001867742342,0.004180548299,0.001454891039,0.001610043837,0.002127537506,0.0004982425229,0.000670549807,0.0023778024,0.007211936625,0.0051436774,0.0006331911481,0.002618155813,0.0007953963458,0.003032341353,0.003123450735,0.009522455318,0.006204015255,0.01150989785,0.005111274481,0.002589946213,0.001347770803,0.00298602424,0.01128193379,0.001292114025,0.001111610709,0.0158368311,0.009540753436,0.001582024843,0.00234501827,0.001966666546,0.0006482489749,0.000441060902,0.001345864749,0.002454044561,0.002990408164,0.001516075374,0.002949046792,0.006291693741,0.004640669742,0.001763862397,0.0007588001085,0.004227437228,0.001123809455,0.001442120477,0.001580881211,0.001290207971,0.0004441105885,0.003684021225,0.01041601345,0.01007292372,0.01099068874,0.001680377231,0.002480729317,0.0009455934032,0.00160203841,0.001748995176,0.001089500482,0.009122183972,0.003388582851]"
sub-21150,ses-1,"[0.007720008853,0.001305140979,0.001549263022,0.03415849624,0.251204388,0.3136824442,0.003083268415,0.0002057149111,0.001335305484,0.003590979129,0.005370509566,0.003065029412,0.00296839777,0.01031205181,0.003674983769,0.001099601443,0.004625341061,0.001321626232,0.001955080843,0.002268300648,0.00148121751,0.002213583638,0.004586407804,0.001203248086,0.002181314632,0.002312845905,0.0006211783589,0.000742011755,0.002233401016,0.005010113878,0.003411921223,0.0005110428396,0.002206919387,0.0006639698664,0.002890706632,0.002695514222,0.006391192245,0.005613754734,0.008742620657,0.004374028642,0.001092235691,0.001632390786,0.003824403295,0.008501655365,0.0008975694073,0.00114169145,0.01153441577,0.007431166177,0.002042592983,0.001181150832,0.002126948373,0.0004714080826,0.0003565374375,0.001387391868,0.001911237085,0.003245139569,0.0009591260431,0.002161146504,0.005756159259,0.004690229822,0.0009207189114,0.001041376933,0.002175351881,0.00131040223,0.004429271776,0.001093638692,0.001188516583,0.001337409984,0.004392618395,0.007526570194,0.008287171702,0.007083748241,0.001591002279,0.001772690811,0.0009426407902,0.001530848643,0.00153803902,0.0008181245184,0.009295928879,0.004242672744]"
sub-21197,ses-1,"[0.01137435314,0.001258715426,0.001236020141,0.04356342512,0.2421698648,0.2800278698,0.003516721711,0.0001443769289,0.001630219785,0.006115506431,0.004344575879,0.003085860453,0.003603138374,0.0108179695,0.002736178484,0.002492466038,0.004261127062,0.001178409033,0.002235834738,0.002034195859,0.001755043853,0.00189976994,0.004408820994,0.0008474070288,0.001259588321,0.002488799877,0.0004907418949,0.0009003045009,0.003388231482,0.005525429019,0.005744351231,0.000822093057,0.002818579827,0.001277046233,0.002351231533,0.0023222514,0.009372803576,0.006946153865,0.009516482189,0.005671202581,0.001988106972,0.001835873983,0.002927517195,0.005853637757,0.0009593122421,0.001347576196,0.01231830242,0.008775743,0.002503289943,0.001617999247,0.00253942782,0.0005298476169,0.0005874587251,0.001528789318,0.00227092514,0.00374995941,0.001353511886,0.00362356413,0.007787974362,0.006489978635,0.00130131273,0.0006883654541,0.003991926065,0.001498063394,0.001887723981,0.001299043202,0.001871837281,0.0009065893491,0.00437809507,0.006800031145,0.007590350803,0.008315203292,0.002133182218,0.002422110655,0.0008508986111,0.002414778332,0.001481303799,0.001573656151,0.008130673167,0.003768464797]"
sub-21224,ses-1,"[0.01318315775,0.00119298363,0.001511724721,0.02933516577,0.2581788078,0.3048287964,0.00350303673,0.0002154453669,0.002071489167,0.006507138718,0.006881790669,0.002898510804,0.003491559428,0.008516978374,0.002310053101,0.003914580011,0.00357452393,0.00173864739,0.002924088792,0.002963439544,0.001410560496,0.001680932954,0.004588297677,0.001361536017,0.001867849026,0.002214135643,0.0003746519508,0.0005074607386,0.002120841568,0.007102482803,0.004291363461,0.000498442858,0.002339566165,0.0008129209506,0.004959178514,0.003085262914,0.006352195133,0.005990496138,0.008266937138,0.005376296484,0.0009808174922,0.001318906036,0.002473522683,0.007190694072,0.001074931374,0.001116577586,0.009352526007,0.008146917344,0.00206066771,0.0009924587563,0.001465651548,0.0008706353868,0.0003749798737,0.00135284606,0.001913430313,0.003208561937,0.0009149049827,0.002322678133,0.009082481472,0.007852606512,0.0008993286434,0.0008740785775,0.002954093741,0.001376948395,0.001971636634,0.0009250705936,0.001404002037,0.0003943273268,0.002975900616,0.005716516527,0.008434505756,0.0067599673,0.001919496888,0.002808495959,0.001132809772,0.001479424312,0.001073127798,0.001020496167,0.005709958068,0.004321696332]"
sub-21345,ses-1,"[0.00785933948,0.002156932302,0.0008716414278,0.05206006421,0.1962013657,0.2581204677,0.002847347717,0.0002604856172,0.001209887143,0.004474954394,0.00845378651,0.001855531592,0.002502247117,0.01005461629,0.003255427569,0.001463732091,0.005893915519,0.003885434313,0.003771471855,0.001700225611,0.001577908763,0.003392739478,0.002980589537,0.001215670952,0.001000598946,0.002219911555,0.0005685269967,0.0008697134915,0.003093052489,0.008185803362,0.004271878435,0.0007364716709,0.003427442331,0.001004026388,0.004439180464,0.002830210505,0.007771297056,0.01030867546,0.01246967785,0.004939587045,0.001875882031,0.001559272046,0.003028359515,0.008103973177,0.001379973969,0.001438883134,0.01353389869,0.009900595604,0.002246045803,0.001890877091,0.001483225669,0.0006797046573,0.0006835605299,0.00130799768,0.001614753768,0.001989844488,0.002271537405,0.005185291817,0.007565436301,0.004777426179,0.002581720936,0.001053295871,0.004090223992,0.001553702452,0.001560343121,0.0009125565207,0.003187521368,0.0004946227714,0.006928574672,0.01332696686,0.0132582038,0.01443810082,0.001773915622,0.001505504044,0.0007120511443,0.001155690711,0.001813759639,0.0008011646449,0.007471395852,0.005841432808]"
sub-21432,ses-1,"[0.009666969247,0.0007917369683,0.001180648628,0.03056091287,0.2612026255,0.31369078,0.003070222861,0.000245081399,0.002491213865,0.004013668904,0.004785792655,0.002452657968,0.003491152679,0.007125967984,0.00426059428,0.001624711983,0.004116931655,0.002104816721,0.00199149591,0.002293405349,0.001476690865,0.002306480827,0.0037900447,0.001226412801,0.001662764977,0.002334978664,0.0005357593374,0.0008520853292,0.002342522209,0.006024778031,0.00397561591,0.0003781830617,0.002278821162,0.0009865280666,0.00251535321,0.003445891408,0.006189897852,0.00712932067,0.007612945729,0.006186880434,0.0009382493779,0.001497812791,0.002369008435,0.008519679852,0.001121306073,0.001128849618,0.01054671424,0.008094559176,0.002391974339,0.001315761902,0.002592800273,0.0003619225311,0.00054900245,0.001608619087,0.001580791787,0.003451590976,0.00100597365,0.002117724565,0.0080204648,0.006284778886,0.001081241466,0.0009739554914,0.002587435974,0.001166567343,0.002766804714,0.00127586493,0.0009172950859,0.0008980171373,0.00298355591,0.006604457565,0.008071425638,0.007501468896,0.001843642426,0.003122189506,0.0009328850791,0.00175295225,0.001509044292,0.0009875338726,0.006363064121,0.003672030127]"
sub-21514,ses-1,"[0.009903904592,0.001833806587,0.002015578795,0.03063786998,0.2590437294,0.2831959117,0.003364082988,0.0002001050854,0.001501566423,0.005935009604,0.00592843744,0.003706008445,0.004857693634,0.01043832526,0.002873764995,0.001690602602,0.003541358452,0.001497415583,0.002758752133,0.001309071211,0.00127378907,0.002581476668,0.003438279255,0.0009500235387,0.002540660074,0.002643739271,0.0004342816504,0.0009356685499,0.002841941888,0.00680201634,0.003811163062,0.0004628186764,0.002407141382,0.001499318052,0.002810983538,0.002287285873,0.00657769802,0.006015432132,0.009898370138,0.005428780058,0.001382402721,0.001454004713,0.002853183746,0.008650350867,0.0008189261707,0.001098589026,0.01285359537,0.007186142005,0.002159128683,0.001900738884,0.001689564892,0.0004353193605,0.000450885011,0.001144767122,0.002193719018,0.002513679613,0.001093400475,0.003291443285,0.005842999314,0.006423771031,0.001721906854,0.0005940889961,0.001534600193,0.001075586453,0.003309949114,0.001105680044,0.001631799033,0.0005570773381,0.003241633203,0.009835069826,0.00902496419,0.01011386792,0.001707897769,0.002234708564,0.0008005932934,0.001202878884,0.001560024089,0.0006975140964,0.007212603611,0.005408025857]"
sub-21539,ses-1,"[0.009659839728,0.00197194126,0.001066872861,0.04111825509,0.2534290317,0.2977924462,0.00262984889,0.0001822122314,0.001597312912,0.006230524549,0.005548483921,0.002507564237,0.002360822653,0.008852437085,0.00301662472,0.001787623465,0.004307497151,0.001207297754,0.002650580593,0.002268501789,0.001704696654,0.001369750081,0.003843625301,0.00111497689,0.001243254301,0.002716500929,0.0005445311307,0.0008265146817,0.001902457662,0.005860917161,0.00449796967,0.0005540871499,0.002559879393,0.0009146244185,0.003644892494,0.003246293115,0.008063498614,0.006346978411,0.007671863791,0.005623312411,0.001436804182,0.001810460731,0.002360336754,0.009346272723,0.0008851465286,0.001163242885,0.01680709426,0.007975226911,0.002106859294,0.00151260447,0.001777905479,0.0005294682529,0.0006013813469,0.001135870559,0.002368111143,0.003275447072,0.0009798968889,0.002516634357,0.00791951046,0.007328494964,0.0009227227399,0.0008077265761,0.002749704047,0.001322131951,0.001376714637,0.001241310704,0.001298646819,0.00071913094,0.003562937481,0.00600652498,0.007422597459,0.007108706522,0.001595855214,0.002615919777,0.0009850798146,0.002014376464,0.001611403991,0.001125504708,0.006450312992,0.003662708801]"
sub-21567,ses-1,"[0.01050932371,0.001108697432,0.001047403316,0.04108090401,0.2454777015,0.2981036816,0.002676509748,0.0001874282897,0.001827510252,0.004821634966,0.004944223198,0.002606435207,0.00254041317,0.009316367977,0.004166142515,0.001801168978,0.004284340535,0.001489801622,0.004116330492,0.002078427764,0.001781244169,0.001835952967,0.003609936401,0.0009612876155,0.001961580578,0.002379326153,0.000501159607,0.0006710270479,0.002898553172,0.00512506617,0.003697571791,0.0004498278952,0.002561519959,0.0006381004565,0.003369994419,0.002754182732,0.008575941806,0.007493416792,0.008995544779,0.006760757919,0.001434248552,0.001887115825,0.002290677638,0.01193563611,0.0007314768927,0.001007215989,0.01220597187,0.007164826295,0.002145800635,0.00222853925,0.00155666793,0.0005511404843,0.0003481775976,0.000861325861,0.001838654636,0.002273792206,0.0008775358752,0.002404823155,0.009968821051,0.007971781067,0.001653421453,0.0006548170337,0.002100041116,0.001520026544,0.002215706322,0.00118687698,0.001121699215,0.0009126575727,0.00313562463,0.0058756236,0.006995296563,0.00892631451,0.001706103999,0.00283742791,0.0009984355648,0.001467006289,0.001237364421,0.001058716555,0.005307935393,0.004265935415]"
sub-21568,ses-1,"[0.003553624449,0.0008247156937,0.0008116767104,0.0295894651,0.2308158316,0.3088049997,0.001776561475,0.000253758675,0.0007111260892,0.002640644868,0.003539833216,0.001075966872,0.0009849447385,0.009492630592,0.002527556763,0.001363075254,0.007210808515,0.001933029274,0.002748968729,0.003125594747,0.00174897901,0.002829960876,0.002996207913,0.002264771099,0.001178523491,0.002472141084,0.001504999572,0.001448079395,0.001759259747,0.004741174928,0.004640875056,0.001204099958,0.001835487649,0.001152947023,0.004315151223,0.003181261176,0.005399142085,0.008045554196,0.01124938284,0.004831946311,0.00280287991,0.004152163932,0.003364057691,0.007109254895,0.001800131944,0.002087240327,0.007892346142,0.007272743685,0.004179495647,0.001711366558,0.002190799944,0.0004400656864,0.0005095233474,0.0009016958452,0.0009551055267,0.003456835073,0.001793863203,0.003801114382,0.01060370242,0.007248420967,0.001757755249,0.0006795316297,0.002600524919,0.001222906184,0.001828215909,0.00126453063,0.001503244325,0.001203347709,0.005464337002,0.006612269031,0.01148809654,0.008261198919,0.0008911643586,0.000789359989,0.001086749108,0.001251491647,0.003307639014,0.0009601205203,0.005470104244,0.005912928177]"
sub-21738,ses-1,"[0.01246842692,0.0007913309708,0.001125799326,0.03598081991,0.26077041,0.3064184233,0.004082141522,0.0002193982206,0.001344546514,0.007335680417,0.005132095469,0.002344370898,0.004348739657,0.007856669812,0.001698545868,0.001460593199,0.003298134676,0.001544250977,0.003093547463,0.001756162315,0.001174138549,0.001339012731,0.005128026511,0.001350080297,0.001364077513,0.003168090775,0.0004438419493,0.0004928322048,0.002888471974,0.006497963324,0.003444617167,0.0004903908299,0.002132134043,0.0006297119552,0.002434376251,0.002549120869,0.007140044912,0.006000736644,0.008528210656,0.005386812246,0.001222152254,0.001364403029,0.002230765587,0.005719815777,0.001076971829,0.0009749223602,0.0108157789,0.007789450624,0.001786109847,0.001347313405,0.001600728116,0.000420567509,0.0005572845011,0.001026842266,0.002097303762,0.003404904136,0.0008969611231,0.002095838937,0.00668578643,0.006381265605,0.001264632177,0.0009303265795,0.004028105758,0.001183578531,0.001234521887,0.001273909401,0.001938777154,0.0004902280716,0.002865848567,0.006207765232,0.008783903983,0.0111785672,0.001734027183,0.002596483541,0.001038235348,0.002099745137,0.001427227742,0.0008896369985,0.006447182727,0.003185831432]"
sub-21797,ses-1,"[0.01100306684,0.002054098837,0.001124440618,0.04333217407,0.2413322655,0.2947335709,0.002399080838,0.0002620678718,0.001772454018,0.007039968887,0.006035457635,0.002781571611,0.002511607155,0.008849767166,0.003120795686,0.001956707638,0.0034591972,0.001205545113,0.00538859582,0.0021388226,0.001446390916,0.001176261948,0.004646481463,0.00134620301,0.001524205168,0.003318539303,0.0005387773259,0.0006384716952,0.003157810922,0.006891743431,0.004020841717,0.0004933719696,0.002555202878,0.0006725257124,0.00337924429,0.002543687027,0.008493598338,0.007645373638,0.008944197146,0.005831462556,0.002326037438,0.001970526659,0.002150502963,0.01253253639,0.000755110817,0.001195016334,0.009506664223,0.006866902095,0.001564017111,0.001681149769,0.001263288881,0.000675157907,0.0004180254,0.0009755571122,0.002863498667,0.002785519903,0.001044323195,0.002674474194,0.009265489396,0.007461613555,0.001308529725,0.000859576039,0.003285965895,0.0015814554,0.001699246107,0.001282865828,0.001412007874,0.0008215737299,0.003454755372,0.0068399221,0.006686267742,0.006299006116,0.001959668857,0.003728997144,0.001342748255,0.00191804728,0.001281056194,0.001061761484,0.005197926226,0.003753344944]"
sub-21827,ses-1,"[0.01350960218,0.001170919949,0.001323247249,0.03560133467,0.2410954778,0.3005427878,0.003760655004,0.0001562594296,0.001548233473,0.005926232898,0.006113436482,0.002859342408,0.004565715895,0.009141176634,0.002582896568,0.002578793475,0.003675002953,0.0008936192983,0.001918366586,0.002881054604,0.001475403586,0.001558491204,0.004401934129,0.001431808231,0.00115450758,0.002942600988,0.0005334019917,0.000677694069,0.004027185038,0.008214048748,0.004025475416,0.0005263925425,0.002415695559,0.000672907128,0.002687354458,0.002541181797,0.007183488747,0.007118352157,0.007909907036,0.005092621324,0.002510579567,0.001758004064,0.00231602461,0.006492117703,0.0009071253103,0.000938753313,0.01051913178,0.009290768538,0.002139249719,0.001611660441,0.00137282628,0.000630337546,0.0003381631858,0.001314870102,0.003128607836,0.003292218639,0.0009549947198,0.003179212641,0.008703342499,0.006297220822,0.001285122683,0.0007084672608,0.002468864796,0.001520024714,0.0015472077,0.001175194004,0.001401547926,0.0008821648325,0.003816217711,0.007615339205,0.00873565435,0.007945809093,0.002370561544,0.003478054526,0.001360175079,0.001670813354,0.001579177627,0.001149378715,0.005452325744,0.003747490916]"
sub-21856,ses-1,"[0.01074412439,0.001563703522,0.0009193675401,0.03511738794,0.2562114469,0.2819419746,0.003270721681,0.0001719775647,0.001590709633,0.005582809268,0.005298665219,0.003182413356,0.003898489497,0.006901635295,0.002924778372,0.001932013856,0.003356544782,0.001341855777,0.002405200681,0.002361792086,0.001553431259,0.001350968268,0.004377309499,0.001077262164,0.001065001721,0.003011429881,0.0006536141549,0.0007076263766,0.003256307377,0.007130275988,0.004756720504,0.0006812829924,0.002850552987,0.0008042187853,0.002265696722,0.003288449619,0.008349693017,0.007944767036,0.007439272286,0.006058481319,0.001886782762,0.001556744892,0.002706741305,0.009023188971,0.0008948466542,0.001161925493,0.01768850555,0.007032689489,0.00141492139,0.001902688202,0.001753906069,0.000640856667,0.0005590099262,0.001281050607,0.002599876633,0.00412514201,0.0008085265085,0.003120779777,0.007556409221,0.006635053501,0.001272269479,0.0006186553243,0.003068093009,0.001367370753,0.001536366048,0.001318991708,0.001568839653,0.0008481244256,0.003691221738,0.00693907935,0.006889871897,0.008898596362,0.00189954025,0.003248851702,0.0008946809725,0.002112441185,0.001848344617,0.001343843957,0.006477821604,0.004223722599]"
sub-22169,ses-1,"[0.007405574925,0.001874301638,0.001336850801,0.0441832325,0.2183440041,0.2553862404,0.003097674863,0.000187713352,0.001036266705,0.004363728602,0.005386645004,0.003243921364,0.003000379472,0.01610572469,0.004038871228,0.0013716425,0.007157785209,0.001798043088,0.003245135028,0.001616802611,0.001909295614,0.00300887512,0.00373464614,0.001649773814,0.001892708874,0.004038466673,0.0004266028657,0.0007969726367,0.002527050546,0.009145564422,0.004751089668,0.0006717629763,0.002919670822,0.0006529511856,0.003099697636,0.00263162792,0.006204249927,0.008889279059,0.01025707829,0.004632757436,0.001885224613,0.002812261566,0.002289576973,0.009089533605,0.001699736311,0.001264233244,0.01198452659,0.009133023229,0.002459692199,0.001629748359,0.002095997579,0.000432468908,0.0008337871088,0.001201729552,0.001680924521,0.00168476779,0.001827777854,0.003625820942,0.007910054558,0.0050308392,0.003599322614,0.0005908520487,0.002635673466,0.0008813222787,0.001764060499,0.0008730289087,0.002461714972,0.0006001568054,0.005127123204,0.007719104769,0.01125450775,0.01147013537,0.001975440297,0.002975903917,0.0007674401482,0.0009320938858,0.001931343842,0.0006264528568,0.00932457985,0.005942705354]"
sub-22520,ses-1,"[0.008167270122,0.001953531395,0.001740240118,0.05118970584,0.2232784454,0.2573895997,0.003184521033,0.0001464747246,0.001333521945,0.005513870454,0.005533132884,0.002501708036,0.003834026079,0.01250653368,0.004114133908,0.001218749969,0.005772709351,0.002433888232,0.002925280835,0.001491233086,0.001291786681,0.002499500882,0.002745297509,0.001188853073,0.001551026878,0.002683497214,0.0007945752183,0.001120030017,0.002805291951,0.005248209447,0.005535540687,0.000476745131,0.003342633475,0.0007791251446,0.003810951293,0.003622741305,0.008848678567,0.007992503705,0.01051106637,0.006324096396,0.001404351503,0.002290021961,0.002440108391,0.01036860465,0.0008796509487,0.0009127582495,0.01683135041,0.009486746546,0.002336572833,0.001852604291,0.00101749771,0.000601348972,0.0004311975111,0.0009440596975,0.001517317626,0.002222402807,0.001685663235,0.002894781988,0.00663971933,0.00516534087,0.001336130399,0.000817850654,0.002876924111,0.001213733711,0.001473375209,0.000924195317,0.002091779457,0.0004516638425,0.006590158704,0.008756379426,0.01246379516,0.009585065196,0.001621655786,0.001796020904,0.0007446132917,0.001598380351,0.001556444436,0.0008613917707,0.008561347327,0.004557169787]"
sub-22670,ses-1,"[0.0100245749,0.002154474469,0.001577376205,0.03106281556,0.2547697885,0.2933142433,0.004108931927,0.00021679761,0.001583355499,0.005112295954,0.004749102093,0.0039642716,0.00293332567,0.009823593482,0.002342918655,0.0008531101681,0.004693745408,0.002740830994,0.003790679207,0.001724736858,0.001231541583,0.001767749195,0.00284074306,0.001049076691,0.001341483432,0.001611901803,0.0005965791883,0.0007333314174,0.002447074091,0.004587468288,0.004585153723,0.000430509133,0.002975759365,0.0004542334266,0.004037180404,0.002141937241,0.009147547554,0.009062680162,0.01153849344,0.003792993772,0.002240692024,0.0008469379941,0.002268273926,0.01116835588,0.0008452020702,0.0009584228861,0.01821813581,0.01016537761,0.002010007023,0.001279375931,0.001489422726,0.0004580910353,0.0001924946751,0.0008857069618,0.0009879335928,0.002937376159,0.001440045335,0.003514281543,0.006102736993,0.00422562459,0.001808061206,0.0009119387011,0.003114440399,0.001435223324,0.001213603703,0.0008953509836,0.001383531367,0.0005371720141,0.003803795077,0.009051685978,0.009576513644,0.006640101887,0.001997469794,0.00209275273,0.0008797276683,0.0007456757653,0.001170591366,0.0007040135911,0.005192534216,0.003608021434]"
sub-22744,ses-1,"[0.01248890122,0.001621668914,0.001676521994,0.03301557281,0.2786522752,0.3049238243,0.003723857638,0.0003487698898,0.001283664582,0.004226250326,0.005456428883,0.003718389418,0.002678060614,0.01051367773,0.004124233851,0.00149863397,0.004212750658,0.003063740987,0.002856290401,0.001735305356,0.001156015828,0.001821258935,0.004406530695,0.001181135462,0.001409433636,0.002065107358,0.0003938827026,0.0006681480985,0.001076897524,0.003642346987,0.003208819692,0.000543233454,0.002267431488,0.0007464119934,0.003995218042,0.003391321525,0.005541528053,0.005966340373,0.008845016299,0.004673277289,0.000957109335,0.000841764075,0.003354923688,0.009109370546,0.0008796998494,0.0007718733916,0.01343165648,0.007305712444,0.001659092043,0.001400718661,0.00130639187,0.0007575193148,0.0003610733842,0.001061176392,0.002472318846,0.003895764795,0.0009859883705,0.002002222831,0.004847576793,0.004110905066,0.001298189541,0.0008796998494,0.002884998554,0.001445660592,0.001958647955,0.001018797689,0.002234280406,0.0004634316223,0.004313570959,0.005554856839,0.008768973868,0.008199937252,0.001469925817,0.002269140307,0.001022215326,0.0009080662393,0.001374573735,0.0009108003491,0.006320236719,0.002509400211]"
sub-22745,ses-1,"[0.01082990066,0.001028046982,0.001573301079,0.04298622303,0.2145187573,0.2888447505,0.003105214486,0.000221367088,0.002063308329,0.004253817301,0.005288319241,0.002592235179,0.003591234851,0.01393169781,0.003416571282,0.00173486488,0.004663707132,0.001877633362,0.005458046665,0.002039007311,0.001686642547,0.002333277454,0.003353730368,0.000891163903,0.002068624177,0.002712031605,0.0007332072845,0.0006354336564,0.003502004549,0.008775135654,0.006538302866,0.0007330174328,0.002859356528,0.001021022469,0.00249882814,0.003697172102,0.008440806801,0.006132589773,0.009611812117,0.004859064536,0.00175157183,0.001557163684,0.001904592304,0.008835698348,0.001071902726,0.001184294935,0.01049310373,0.009179140082,0.001298965365,0.001914844296,0.001990215423,0.0005631001568,0.0005689855597,0.001511219571,0.003330758311,0.002699311541,0.001109873067,0.00500430109,0.007014071239,0.00468914726,0.00157349093,0.001053107407,0.003010668337,0.001148223111,0.001063359399,0.0009944432304,0.0007799108039,0.0006849849514,0.003315380323,0.009120855608,0.007759998588,0.01129143015,0.001618295933,0.002848345129,0.001030704906,0.001543684213,0.001869849442,0.0008778742836,0.006605320518,0.006626204206]"
sub-22797,ses-1,"[0.009370445008,0.002378870769,0.001131261741,0.03513160005,0.2667058246,0.2988968834,0.00352104557,0.0003904058725,0.001065607372,0.005753118098,0.006806052242,0.003191893639,0.002729496783,0.01047741639,0.002564744801,0.001538037202,0.005719674854,0.002117133379,0.002851124582,0.001560919422,0.001241272413,0.002296846813,0.003902650588,0.001239512243,0.001843778861,0.001375221407,0.0004773583076,0.0005725835452,0.00141957771,0.003428284571,0.004745244327,0.000520658508,0.002326945732,0.001101338839,0.005131777824,0.003342740273,0.006003414379,0.006505767111,0.01022007943,0.006755711358,0.001441051794,0.001478719448,0.002485185083,0.008440898835,0.0006676327657,0.001233879696,0.01562045931,0.008493175906,0.002240697366,0.001176146096,0.001519555409,0.0007795796255,0.0003875895993,0.001202548657,0.001626397774,0.004108238532,0.0009763667154,0.002138079411,0.008218061218,0.00702818579,0.001633086422,0.001639599054,0.002729496783,0.001967342848,0.002083690135,0.001031812094,0.001470446645,0.0004576443952,0.004312418339,0.005897628117,0.009330489132,0.007384268333,0.001932843501,0.001823888932,0.0007005479588,0.001236343935,0.001065079321,0.0006720331926,0.005807683392,0.003866391071]"
sub-22798,ses-1,"[0.01346269007,0.0009463726146,0.001207174609,0.03706358737,0.2428662634,0.2909035353,0.002699706603,6.633915586e-05,0.0009851859714,0.004265706736,0.003939555722,0.002282463016,0.003475577685,0.01389597387,0.003918366797,0.001536494061,0.003021302988,0.002992390998,0.002920507077,0.001909577552,0.001330149582,0.002313553307,0.003032194491,0.001241829392,0.001607387845,0.001754522152,0.0003079324996,0.000493682136,0.001540652635,0.009915624515,0.003474191494,0.0003992230992,0.002097109435,0.0005536844173,0.007664449817,0.002476925855,0.007340675131,0.00437442374,0.0109994281,0.005137423047,0.002320286237,0.001331139719,0.002765253649,0.008248432416,0.000744978819,0.001065981122,0.009814432549,0.007938321615,0.002356525238,0.001067367314,0.00144678768,0.0009059750391,0.0006625994493,0.001023009192,0.002189786226,0.002502471381,0.001635903781,0.003050611033,0.005692493655,0.003976388805,0.002100277872,0.0009570660904,0.003138139113,0.002050573012,0.001643032765,0.001128953814,0.001007761087,0.00033387408,0.003862721117,0.00971343861,0.009269659361,0.008848653256,0.0008988460551,0.002613366686,0.0009487489425,0.001035880968,0.001372527431,0.0009871662447,0.006713126519,0.005179206813]"
sub-22870,ses-1,"[0.008995757529,0.002011924782,0.00148410029,0.03910640575,0.2504102966,0.2817531723,0.002931700046,0.0002140345513,0.001664309739,0.006287647149,0.005638854915,0.003221411099,0.002483565204,0.0105958569,0.003545902767,0.001151964531,0.004985667329,0.001502255007,0.003833129491,0.001503210518,0.001768078275,0.002039825715,0.002857170157,0.001187509555,0.001608890078,0.00213002599,0.0007458721908,0.0008832747286,0.002835193396,0.005883083626,0.004549954135,0.0005775110839,0.002997821434,0.0006870126892,0.002750152882,0.003096430209,0.007274881517,0.007164042195,0.01005255313,0.006130369974,0.001410143709,0.001667176273,0.003219308974,0.01065089436,0.001018766244,0.00100500688,0.01348818988,0.006130752179,0.001992814554,0.001696797126,0.001335040514,0.0007351704632,0.0004748891607,0.0008584314325,0.001528818224,0.002466748204,0.001031952301,0.00316025837,0.01068930592,0.007363361871,0.001352621923,0.0006587295521,0.002437318453,0.001025645926,0.002231883504,0.001194580339,0.002384765326,0.0007753019416,0.003666488305,0.006375554197,0.007460824033,0.008226379758,0.001382051674,0.002453562146,0.001026219233,0.001194580339,0.001344977832,0.00153359578,0.006373069867,0.004656971411]"
sub-23113,ses-1,"[0.01343542084,0.001089562357,0.0009655351608,0.03336147561,0.2640069764,0.2953391169,0.002910406728,0.000232596997,0.001440114002,0.006008878433,0.00446405898,0.002923287891,0.002599602671,0.01320632016,0.003511404982,0.00150157555,0.004815162674,0.001956096581,0.005727333018,0.00135767456,0.00145925173,0.001913588743,0.003013456031,0.001232911297,0.0009992102007,0.001508568181,0.000984856905,0.000531992024,0.002291374847,0.004672733817,0.004624889498,0.0006554671703,0.002295239196,0.0007686373864,0.002525627993,0.002607331369,0.007359008312,0.006448862152,0.01047330545,0.004698864176,0.001254257224,0.001516112863,0.002540349322,0.01154869852,0.001127469779,0.00123603958,0.01732313979,0.008314606576,0.002284566232,0.00117899443,0.001376260238,0.000252470791,0.0004416398677,0.0007454512934,0.001445818517,0.002516979213,0.001088458257,0.003278623968,0.005956249683,0.004926492724,0.001151023905,0.0004885641037,0.003058908134,0.001215797752,0.001243952294,0.001476365274,0.001117900915,0.0003667451068,0.003311562941,0.007366000944,0.01016949402,0.008155432207,0.001595055989,0.002077363528,0.0006273126288,0.0009421650511,0.001302653593,0.001166665317,0.005197917226,0.003886982886]"
sub-23303,ses-1,"[0.008424353418,0.001594661868,0.001943780002,0.04798882474,0.2151811287,0.2444918066,0.002687316688,0.0001622539049,0.001404095201,0.004799230938,0.006565729492,0.002582123888,0.003790643242,0.01130528584,0.00362076667,0.001655207621,0.005442366215,0.002579292612,0.002813852955,0.001814412459,0.001815936992,0.001829875583,0.003102643127,0.001607293716,0.001192402858,0.002260011774,0.0008763888771,0.0007971131437,0.00195183825,0.007852871208,0.005603531168,0.0006172182102,0.00343324907,0.0009835417915,0.00512896572,0.004595814633,0.007617004122,0.009209488086,0.01271983498,0.005008963167,0.002231699012,0.001463334211,0.003722474823,0.007069261074,0.0009382413724,0.001189353792,0.01655860992,0.01328369453,0.001769765411,0.001680689106,0.001633428573,0.0007348250674,0.000618524953,0.001567002478,0.00166413703,0.003237237641,0.002073583126,0.003455463699,0.006739308502,0.0051019597,0.001727078478,0.0008147541723,0.004403287852,0.001455275963,0.001565042364,0.0009299653343,0.001809838859,0.0003573941718,0.005947857911,0.009549241229,0.01097250199,0.01231975388,0.001923089907,0.00202066004,0.000854392039,0.001325037259,0.001953144992,0.001606422554,0.009529857876,0.004325318862]"
sub-23582,ses-1,"[0.01097970444,0.0007923960101,0.001580847968,0.04007426292,0.2518811786,0.2916347183,0.002646638529,0.0001326635854,0.001764784236,0.004383276572,0.004729636095,0.002797229626,0.003920567499,0.01538951373,0.004088369007,0.001683751884,0.005359071025,0.0007402269515,0.002068297007,0.001927028216,0.001754924105,0.002270877887,0.003104327898,0.0009856545845,0.0005831819504,0.002958218679,0.0006333789828,0.001312652395,0.002058078325,0.007462326679,0.004691450495,0.0006674412547,0.002964314033,0.000966113597,0.002107020431,0.001363207978,0.008338623443,0.006575094133,0.008098036238,0.005324291653,0.002882385306,0.001308887618,0.002712970322,0.009689640713,0.001464139868,0.001706340548,0.01397826002,0.008332169539,0.0009207569928,0.001637140354,0.00217460715,0.0004605577715,0.0003546061783,0.0008562179512,0.001832370955,0.003301171975,0.001495692288,0.003337206273,0.006233754313,0.004692705421,0.0009643208458,0.000486194113,0.00414699197,0.001021688883,0.001831833129,0.001283430551,0.001254208707,0.0007803845774,0.002700958889,0.006870539523,0.008589967155,0.006631565794,0.001332910483,0.002488517877,0.001138755533,0.001428643395,0.001214230357,0.001616882266,0.00623608489,0.004413215516]"
sub-23676,ses-1,"[0.007320961361,0.00092072605,0.001893198683,0.03557659311,0.2484669394,0.314885404,0.002096372111,0.0001457982682,0.001297295923,0.004166417012,0.008841403077,0.002622371591,0.002922501775,0.01052525506,0.002545568768,0.001602328415,0.006362287816,0.001943311164,0.004952965079,0.002186429322,0.001162028539,0.002524143866,0.00392711176,0.001283859968,0.001552760635,0.001933688115,0.0005378013331,0.0008413812888,0.002182616416,0.00303561799,0.005026499698,0.0003614998157,0.003149278907,0.0005289045521,0.003379142677,0.004346531436,0.005964656176,0.00575839611,0.006872309405,0.004569495661,0.001170199052,0.00199850752,0.003193944379,0.005737152776,0.0007324411133,0.0008816891537,0.01184234178,0.008528563206,0.002789957895,0.000969385995,0.001356668319,0.0008150540797,0.0005147423292,0.0008471914315,0.00122285347,0.004164782909,0.001254990822,0.003050324914,0.008261115075,0.005412874187,0.00121268572,0.0009412431163,0.002434086655,0.001282770567,0.001474505275,0.001238286662,0.001923520365,0.000475705433,0.004441127821,0.004217800462,0.007822812436,0.006427107221,0.002647064698,0.001979624556,0.001182182471,0.001287672874,0.001862877001,0.0008909490687,0.006204506129,0.003681270097]"
sub-23698,ses-1,"[0.009854420404,0.001356766543,0.002155840003,0.03919145149,0.2102431268,0.2857032594,0.002685894112,0.0003181553052,0.001562523352,0.005690148262,0.006090811024,0.003611697387,0.003423138162,0.009612630561,0.002773519897,0.001828471706,0.005492785511,0.001309268454,0.002914171567,0.002152564272,0.001908931831,0.002001880679,0.002792560079,0.001551877229,0.001124599158,0.003084919009,0.000994798345,0.0005419286313,0.003574845421,0.01109899318,0.004322530862,0.0007513706372,0.002682413648,0.001158175394,0.001472440769,0.003096179331,0.007387590756,0.005737646351,0.01015230713,0.004132743238,0.002860122017,0.001500898676,0.00449041204,0.008045603079,0.001101669046,0.001066250212,0.009775802876,0.009448229847,0.002557731164,0.001585043998,0.001579516203,0.0008682732622,0.0007945693305,0.001162065323,0.003650187218,0.003003435217,0.001458314182,0.004733020815,0.00686879697,0.004164067409,0.002149083809,0.0006107189675,0.001759271903,0.001090613456,0.0009741202975,0.0006659969163,0.001501103409,0.0008127905803,0.00396486206,0.00710587795,0.01204936444,0.01178403028,0.001832771102,0.001334041164,0.0008215941055,0.001258699367,0.001500079744,0.0009536469831,0.008263643877,0.006350617383]"
